store,store_name,product,uom,kind,counted_24_08_2026,min,max
BUONGPHONG,Kho Buồng phòng,Khăn mặt,Cái,equipment,209.0,,
BUONGPHONG,Kho Buồng phòng,Khăn tắm trắng,Cái,equipment,205.0,,
BUONGPHONG,Kho Buồng phòng,Vỏ gối nhỏ,Cái,equipment,190.0,,
BUONGPHONG,Kho Buồng phòng,Móc áo,Cái,equipment,110.0,,
BUONGPHONG,Kho Buồng phòng,Ly tròn,Cái,equipment,85.0,,
BUONGPHONG,Kho Buồng phòng,Tách sứ,Cái,equipment,85.0,,
BUONGPHONG,Kho Buồng phòng,Đĩa lót tách sứ,Cái,equipment,85.0,,
BUONGPHONG,Kho Buồng phòng,Gối nhỏ,Cái,equipment,75.0,,
BUONGPHONG,Kho Buồng phòng,Dép lào,Cái,equipment,53.0,,
BUONGPHONG,Kho Buồng phòng,Drap 12,Cái,equipment,52.0,,
BUONGPHONG,Kho Buồng phòng,Hũ đựng trà/ café/ đường,Cái,equipment,50.0,,
BUONGPHONG,Kho Buồng phòng,Thảm chân lều,Cái,equipment,50.0,,
BUONGPHONG,Kho Buồng phòng,Vỏ chăn 12,Cái,equipment,46.0,,
BUONGPHONG,Kho Buồng phòng,Giỏ rác,Cái,equipment,44.0,,
BUONGPHONG,Kho Buồng phòng,Cây dù,Cái,equipment,43.0,,
BUONGPHONG,Kho Buồng phòng,Mùng tròn,Cái,equipment,43.0,,
BUONGPHONG,Kho Buồng phòng,vỏ chăn 18,Cái,equipment,43.0,,
BUONGPHONG,Kho Buồng phòng,Móc quần,Cái,equipment,41.0,,
BUONGPHONG,Kho Buồng phòng,Thổ cẩm trang trí,Cái,equipment,39.0,,
BUONGPHONG,Kho Buồng phòng,Drap 18,Cái,equipment,38.0,,
BUONGPHONG,Kho Buồng phòng,Muỗng cà phê HK,Cái,equipment,38.0,,
BUONGPHONG,Kho Buồng phòng,Đồ lót giường 12,Cái,equipment,36.0,,
BUONGPHONG,Kho Buồng phòng,"Bình nước thủy tinh ( 19 lều, bun , gm)",Cái,equipment,34.0,,
BUONGPHONG,Kho Buồng phòng,Khăn chùi chân ( khăn nâu),Cái,equipment,32.0,,
BUONGPHONG,Kho Buồng phòng,Chăn 12 ( ruột ),Cái,equipment,30.0,,
BUONGPHONG,Kho Buồng phòng,Khăn XÁM,Cái,equipment,30.0,,
BUONGPHONG,Kho Buồng phòng,Đồ lót giường 18,Cái,equipment,30.0,,
BUONGPHONG,Kho Buồng phòng,Cây mùng,Cái,equipment,28.0,,
BUONGPHONG,Kho Buồng phòng,Nệm,Cái,equipment,28.0,,
BUONGPHONG,Kho Buồng phòng,lót giường 10,cái,equipment,28.0,,
BUONGPHONG,Kho Buồng phòng,Điều hòa,Cái,equipment,28.0,,
BUONGPHONG,Kho Buồng phòng,Đèn pin,Cái,equipment,28.0,,
BUONGPHONG,Kho Buồng phòng,Bình đun nước ( siêu tốc ),Cái,equipment,26.0,,
BUONGPHONG,Kho Buồng phòng,Máy sấy tóc,Cái,equipment,26.0,,
BUONGPHONG,Kho Buồng phòng,Máy nước nóng,Cái,equipment,25.0,,
BUONGPHONG,Kho Buồng phòng,Phin cà phê,Bộ,equipment,25.0,,
BUONGPHONG,Kho Buồng phòng,Hộp nhựa đựng đồ,Cái,equipment,24.0,,
BUONGPHONG,Kho Buồng phòng,Bình trà thủy tinh,Cái,equipment,23.0,,
BUONGPHONG,Kho Buồng phòng,Hộp khăn giấy gỗ,Cái,equipment,23.0,,
BUONGPHONG,Kho Buồng phòng,"Đèn bão( bun 8 CÁI , LỀU 15 CÁI)",Cái,equipment,23.0,,
BUONGPHONG,Kho Buồng phòng,Chổi quét nhà,Cây,equipment,20.0,,
BUONGPHONG,Kho Buồng phòng,drap 10 chun,cái,equipment,20.0,,
BUONGPHONG,Kho Buồng phòng,Chăn 18,Cái,equipment,19.0,,
BUONGPHONG,Kho Buồng phòng,"Ga 0,9*2m",Cái,equipment,18.0,,
BUONGPHONG,Kho Buồng phòng,Gối to,Cái,equipment,18.0,,
BUONGPHONG,Kho Buồng phòng,Gối 47 *67,Cái,equipment,16.0,,
BUONGPHONG,Kho Buồng phòng,Vỏ gối to,Cái,equipment,16.0,,
BUONGPHONG,Kho Buồng phòng,giường mới,cái,equipment,16.0,,
BUONGPHONG,Kho Buồng phòng,võ chăn 10,cái,equipment,16.0,,
BUONGPHONG,Kho Buồng phòng,Bàn gỗ để ban công,Cái,equipment,15.0,,
BUONGPHONG,Kho Buồng phòng,Cục gỗ để quạt ( lều ),Cái,equipment,15.0,,
BUONGPHONG,Kho Buồng phòng,Gối chữ nhật nhỏ tầng trên Bun,Cái,equipment,15.0,,
BUONGPHONG,Kho Buồng phòng,Hộp đựng xà phòng+ Nút nhấn,Cái,equipment,15.0,,
BUONGPHONG,Kho Buồng phòng,Khay trà gỗ,Cái,equipment,15.0,,
BUONGPHONG,Kho Buồng phòng,Lồng đèn gà,Cái,equipment,15.0,,
BUONGPHONG,Kho Buồng phòng,Mền nhà Dorm ( đỏ),Cái,equipment,15.0,,
BUONGPHONG,Kho Buồng phòng,Nệm 0.9 *2m ( 4 kpan),cái,equipment,15.0,,
BUONGPHONG,Kho Buồng phòng,Xô đá,Cái,equipment,15.0,,
BUONGPHONG,Kho Buồng phòng,Đèn ngủ( đèn cây gỗ),Cái,equipment,15.0,,
BUONGPHONG,Kho Buồng phòng,Đèn đọc sách,Cái,equipment,15.0,,
BUONGPHONG,Kho Buồng phòng,Quạt,Cái,equipment,14.0,,
BUONGPHONG,Kho Buồng phòng,Vỏ gối vuông bạc nhỏ,Cái,equipment,14.0,,
BUONGPHONG,Kho Buồng phòng,Rương gỗ,Cái,equipment,13.0,,
BUONGPHONG,Kho Buồng phòng,Cây mùng extrabed,Cái,equipment,12.0,,
BUONGPHONG,Kho Buồng phòng,Giường Extra Bed,Cái,equipment,12.0,,
BUONGPHONG,Kho Buồng phòng,Thảm chân lều thổ cẩm,Cái,equipment,12.0,,
BUONGPHONG,Kho Buồng phòng,Vỏ gối 50 *70,Cái,equipment,10.0,,
BUONGPHONG,Kho Buồng phòng,Áo tắm,Cái,equipment,10.0,,
BUONGPHONG,Kho Buồng phòng,"Cây xà gạc ( 6 cái bun , 2 nhà mới )",Cái,equipment,8.0,,
BUONGPHONG,Kho Buồng phòng,Ghế bành gỗ ban công  ( Bun),Cái,equipment,8.0,,
BUONGPHONG,Kho Buồng phòng,Ghế salon hộp đơn (Bun) tâng dưới,Cái,equipment,8.0,,
BUONGPHONG,Kho Buồng phòng,"Giỏ mây đựng đồ bên bun ( 8 bun , 2 cái kho )",Cái,equipment,8.0,,
BUONGPHONG,Kho Buồng phòng,Gối chữ nhật cam tầng dưới Bun,Cái,equipment,8.0,,
BUONGPHONG,Kho Buồng phòng,Gối vuông to tầng dưới Bun,Cái,equipment,8.0,,
BUONGPHONG,Kho Buồng phòng,Mùng treo 4 góc ( Dorm),Cái,equipment,8.0,,
BUONGPHONG,Kho Buồng phòng,"Nệm 0,9*2m ( Dorm)",Cái,equipment,8.0,,
BUONGPHONG,Kho Buồng phòng,drap 18 chun,cái,equipment,8.0,,
BUONGPHONG,Kho Buồng phòng,mùng 10,cái,equipment,8.0,,
BUONGPHONG,Kho Buồng phòng,Đèn ngủ 2 bên ( treo),Cái,equipment,8.0,,
BUONGPHONG,Kho Buồng phòng,Đôn gỗ 9 ( Bun),Cái,equipment,8.0,,
BUONGPHONG,Kho Buồng phòng,Giỏ gà ( không sài ),Cái,equipment,7.0,,
BUONGPHONG,Kho Buồng phòng,Mùng vip (Mùng vuông),Cái,equipment,7.0,,
BUONGPHONG,Kho Buồng phòng,ruột mền chăn kp 123,cái,equipment,6.0,,
BUONGPHONG,Kho Buồng phòng,Chén đựng xà phòng ( khoog sài bỏ trong hộp xanh lá ),Cái,equipment,5.0,,
BUONGPHONG,Kho Buồng phòng,Khung giường gỗ sến + 1 cái kp4,Cái,equipment,5.0,,
BUONGPHONG,Kho Buồng phòng,Rèm (Bun tầng dưới),Bộ,equipment,5.0,,
BUONGPHONG,Kho Buồng phòng,ra sopha màu đỏ ( chun),cái,equipment,5.0,,
BUONGPHONG,Kho Buồng phòng,Bàn gỗ làm việc bên bun,Cái,equipment,4.0,,
BUONGPHONG,Kho Buồng phòng,Bàn gỗ tầng dưới bên bun,Cái,equipment,4.0,,
BUONGPHONG,Kho Buồng phòng,Bàn gỗ vuông đựng trà,Cái,equipment,4.0,,
BUONGPHONG,Kho Buồng phòng,Bình cắm hoa tròn bên bun,Cái,equipment,4.0,,
BUONGPHONG,Kho Buồng phòng,Bình hồ lô thủy tinh ở vệ sinh,Cái,equipment,4.0,,
BUONGPHONG,Kho Buồng phòng,Bình trà VIP bằng sứ,Cái,equipment,4.0,,
BUONGPHONG,Kho Buồng phòng,"Cây rìu ( 3  cái bun , 1 nhà mới )",Cái,equipment,4.0,,
BUONGPHONG,Kho Buồng phòng,Cục gỗ ban công nhà Vip,Cái,equipment,4.0,,
BUONGPHONG,Kho Buồng phòng,Ghế ngồi làm việc (Bun),Cái,equipment,4.0,,
BUONGPHONG,Kho Buồng phòng,Ghế sô pha tầng trên (Bun),Cái,equipment,4.0,,
BUONGPHONG,Kho Buồng phòng,Giỏ rác mây ( tầng dưới bun),Cái,equipment,4.0,,
BUONGPHONG,Kho Buồng phòng,Gối sofa bed 60 x 60,Cái,equipment,4.0,,
BUONGPHONG,Kho Buồng phòng,Gối vuông nhỏ tầng dưới Bun,Cái,equipment,4.0,,
BUONGPHONG,Kho Buồng phòng,Gỗ Kapan ( Bun),Cái,equipment,4.0,,
BUONGPHONG,Kho Buồng phòng,Hộp giấy mây bên bun,Cái,equipment,4.0,,
BUONGPHONG,Kho Buồng phòng,Quạt trần,Cái,equipment,4.0,,
BUONGPHONG,Kho Buồng phòng,Tủ gỗ( đựng tủ lạnh),Cái,equipment,4.0,,
BUONGPHONG,Kho Buồng phòng,Tủ lạnh mini,Cái,equipment,4.0,,
BUONGPHONG,Kho Buồng phòng,bọc màu đỏ sopha 90*200cm,cái,equipment,4.0,,
BUONGPHONG,Kho Buồng phòng,chậu  đựng cây dưới bun,Cái,equipment,4.0,,
BUONGPHONG,Kho Buồng phòng,ruột chăn 10,cái,equipment,4.0,,
BUONGPHONG,Kho Buồng phòng,Đèn bàn làm việc,Cái,equipment,4.0,,
BUONGPHONG,Kho Buồng phòng,Đèn ngủ tầng dưới,Cái,equipment,4.0,,
BUONGPHONG,Kho Buồng phòng,Bao gối 60*60 (Gối sofa bed),Cái,equipment,3.0,,
BUONGPHONG,Kho Buồng phòng,Bao gối 70*70 (Gối sofa bed),Cái,equipment,3.0,,
BUONGPHONG,Kho Buồng phòng,Bình đựng sữa rửa tay,Cái,equipment,3.0,,
BUONGPHONG,Kho Buồng phòng,Ché trang trí tầng dưới,Cái,equipment,3.0,,
BUONGPHONG,Kho Buồng phòng,Ché đựng cây nêu,Cái,equipment,3.0,,
BUONGPHONG,Kho Buồng phòng,Cây nêu,Cái,equipment,3.0,,
BUONGPHONG,Kho Buồng phòng,"Gối ôm 0,9m",Cái,equipment,3.0,,
BUONGPHONG,Kho Buồng phòng,Ly xanh,Cái,equipment,3.0,,
BUONGPHONG,Kho Buồng phòng,Tượng voi,Cái,equipment,3.0,,
BUONGPHONG,Kho Buồng phòng,Tủ gỗ nhỏ đựng đồ trong nhà Kpan,cái,equipment,3.0,,
BUONGPHONG,Kho Buồng phòng,mùng 18,cái,equipment,3.0,,
BUONGPHONG,Kho Buồng phòng,Bàn ủi,Cái,equipment,2.0,,
BUONGPHONG,Kho Buồng phòng,Chổi xương,Cây,equipment,2.0,,
BUONGPHONG,Kho Buồng phòng,Giường Baby Cot,Cái,equipment,2.0,,
BUONGPHONG,Kho Buồng phòng,Máy sưởi,Cái,equipment,2.0,,
BUONGPHONG,Kho Buồng phòng,Vỏ gối thổ cẩm HK,Cái,equipment,2.0,,
BUONGPHONG,Kho Buồng phòng,bộ rèm căn 3 và 4 ngoài cửa kính,cái,equipment,2.0,,
BUONGPHONG,Kho Buồng phòng,sáo gỗ nhà số 4,cái,equipment,2.0,,
BUONGPHONG,Kho Buồng phòng,Bình xà phòng (Đơn),Cái,equipment,1.0,,
BUONGPHONG,Kho Buồng phòng,Bộ set up baby cot,Cái,equipment,1.0,,
BUONGPHONG,Kho Buồng phòng,Máy giặt,Cái,equipment,1.0,,
BUONGPHONG,Kho Buồng phòng,Máy sưởi (máy khử khuẩn),Cái,equipment,1.0,,
BUONGPHONG,Kho Buồng phòng,Thổ cẩm phối vải trắng,Cái,equipment,1.0,,
BUONGPHONG,Kho Buồng phòng,bàn gỗ làm việc & giường Duk kman,Bộ,equipment,1.0,,
BUONGPHONG,Kho Buồng phòng,mùng nhà số 4,cái,equipment,1.0,,
BUONGPHONG,Kho Buồng phòng,nệm kapan 4,cái,equipment,1.0,,
BUONGPHONG,Kho Buồng phòng,Gối hơi  k sài,Cái,equipment,0.0,,
BUONGPHONG,Kho Buồng phòng,Ly quai ( thủy tinh + sứ bên bun ),Cái,equipment,0.0,,
BUONGPHONG,Kho Buồng phòng,Mùng ren cao cấp ( mùng cột dây k sài màu trắng ),Cái,equipment,0.0,,
BUONGPHONG,Kho Buồng phòng,Thang nhôm,Cái,equipment,0.0,,
BAOTRI,Kho Bảo trì,Đèn trụ sân vườn 10W,Cái,equipment,100.0,,
BAOTRI,Kho Bảo trì,Đèn Up light 7W,Cái,equipment,50.0,,
BAOTRI,Kho Bảo trì,Khăn giấy nhà hàng,Lốc,equipment,40.0,,
BAOTRI,Kho Bảo trì,Thoát nước nhà vệ sinh,Cái,equipment,38.0,,
BAOTRI,Kho Bảo trì,Đèn bão,Cái,equipment,30.0,,
BAOTRI,Kho Bảo trì,Sữa tươi,Lít,equipment,22.0,,
BAOTRI,Kho Bảo trì,Bóng A75 9W (lắp lều),Cái,equipment,14.0,,
BAOTRI,Kho Bảo trì,Lõi lọc nước thô,Cái,equipment,14.0,,
BAOTRI,Kho Bảo trì,Sữa đậunành,Lít,equipment,14.0,,
BAOTRI,Kho Bảo trì,Tủ gỗ hương,cái,equipment,13.0,,
BAOTRI,Kho Bảo trì,Thuốc tẩy nhà vệ sinh,Chai,equipment,12.0,,
BAOTRI,Kho Bảo trì,Dây cấp nước dài 30cm,cái,equipment,11.0,,
BAOTRI,Kho Bảo trì,Túi rác trung,Lốc,equipment,11.0,,
BAOTRI,Kho Bảo trì,Bột giặt,Kg,equipment,10.0,,
BAOTRI,Kho Bảo trì,Chổi,Cái,equipment,10.0,,
BAOTRI,Kho Bảo trì,Giấy vệ sinh cuộn nhỏ,Lốc,equipment,10.0,,
BAOTRI,Kho Bảo trì,Nước lau sàn,Lít,equipment,10.0,,
BAOTRI,Kho Bảo trì,Nước rửa chén,Lít,equipment,10.0,,
BAOTRI,Kho Bảo trì,Sáp thơm,Hộp,equipment,10.0,,
BAOTRI,Kho Bảo trì,lõi lọc nước số 1,Cái,equipment,10.0,,
BAOTRI,Kho Bảo trì,lõi lọc nước số 3,Cái,equipment,9.0,,
BAOTRI,Kho Bảo trì,Bóng đèn 9W,Cái,equipment,8.0,,
BAOTRI,Kho Bảo trì,Ghế mây,cái,equipment,8.0,,
BAOTRI,Kho Bảo trì,Thuốc tẩy Javen,Chai,equipment,8.0,,
BAOTRI,Kho Bảo trì,Đèn pha 30W,Cái,equipment,8.0,,
BAOTRI,Kho Bảo trì,Sữa đặc,Kg,equipment,7.0,,
BAOTRI,Kho Bảo trì,Màng nhôm bọc thực phẩm,Cuộn,equipment,6.0,,
BAOTRI,Kho Bảo trì,Thuốc xịt côn trùng,Chai,equipment,6.0,,
BAOTRI,Kho Bảo trì,Bóng đèn 7w,Cái,equipment,5.0,,
BAOTRI,Kho Bảo trì,Nước lau kính,Lít,equipment,5.0,,
BAOTRI,Kho Bảo trì,Nước rửa tay,Lít,equipment,5.0,,
BAOTRI,Kho Bảo trì,Đường cát,Kg,equipment,5.0,,
BAOTRI,Kho Bảo trì,Bơm nước chìm 5.5hp,Cái,equipment,4.0,,
BAOTRI,Kho Bảo trì,Bộ cây lau kính,Cái,equipment,4.0,,
BAOTRI,Kho Bảo trì,Chụp đèn-nhôm,Cái,equipment,4.0,,
BAOTRI,Kho Bảo trì,Màng bọc thực phẩm,Cuộn,equipment,4.0,,
BAOTRI,Kho Bảo trì,Túi rác đại,Cuộn,equipment,4.0,,
BAOTRI,Kho Bảo trì,dây vòi sen 60cm ( dây cấp nước ),Cái,equipment,4.0,,
BAOTRI,Kho Bảo trì,khăn ướt,bịch,equipment,4.0,,
BAOTRI,Kho Bảo trì,Đường gói,gói,equipment,4.0,,
BAOTRI,Kho Bảo trì,20A CP CÓC,Cái,equipment,3.0,,
BAOTRI,Kho Bảo trì,Bóng đèn 5W (lắp lều),Cái,equipment,3.0,,
BAOTRI,Kho Bảo trì,Búa,Cái,equipment,3.0,,
BAOTRI,Kho Bảo trì,Bộ bàn chải + KĐR,Bộ,equipment,3.0,,
BAOTRI,Kho Bảo trì,Giấy vệ sinh cuộn lớn,Cuộn,equipment,3.0,,
BAOTRI,Kho Bảo trì,Tăm xĩa răng,Hộp,equipment,3.0,,
BAOTRI,Kho Bảo trì,Tấm cót làm laphong Kpan,Cuộn,equipment,3.0,,
BAOTRI,Kho Bảo trì,Bàn mây kính,Cái,equipment,2.0,,
BAOTRI,Kho Bảo trì,Bì thư,Lốc,equipment,2.0,,
BAOTRI,Kho Bảo trì,Bình Gas mini,Cái,equipment,2.0,,
BAOTRI,Kho Bảo trì,Bóng đèn trang trí 5w,Cái,equipment,2.0,,
BAOTRI,Kho Bảo trì,Băng keo trong,Cuộn,equipment,2.0,,
BAOTRI,Kho Bảo trì,Bơm nước (Bơm nổi)( 1 cái kho/2 sữ dung/ 1 cái kho anh Duy),Cái,equipment,2.0,,
BAOTRI,Kho Bảo trì,Bộ lục giác 9 cây Stanley 69-256,Bộ,equipment,2.0,,
BAOTRI,Kho Bảo trì,Chổi xương lưu kho,Cái,equipment,2.0,,
BAOTRI,Kho Bảo trì,Chụp đèn trang trí-tre,Cái,equipment,2.0,,
BAOTRI,Kho Bảo trì,Cồn khô,Kg,equipment,2.0,,
BAOTRI,Kho Bảo trì,Cờ lê số 12,Cái,equipment,2.0,,
BAOTRI,Kho Bảo trì,Cờ lê số 17,Cái,equipment,2.0,,
BAOTRI,Kho Bảo trì,Khăn giấy BP Bless You,Lốc,equipment,2.0,,
BAOTRI,Kho Bảo trì,Lược,Bịch,equipment,2.0,,
BAOTRI,Kho Bảo trì,Nước tẩy Sumo,Kg,equipment,2.0,,
BAOTRI,Kho Bảo trì,Quạt hút âm trần,Cái,equipment,2.0,,
BAOTRI,Kho Bảo trì,Than củi,Bao,equipment,2.0,,
BAOTRI,Kho Bảo trì,Thang nhôm bảo trì,Cái,equipment,2.0,,
BAOTRI,Kho Bảo trì,Thùng đá,Cái,equipment,2.0,,
BAOTRI,Kho Bảo trì,Tua vít,Cái,equipment,2.0,,
BAOTRI,Kho Bảo trì,Đầu mở vít,Cái,equipment,2.0,,
BAOTRI,Kho Bảo trì,Ampe kẹp,Cái,equipment,1.0,,
BAOTRI,Kho Bảo trì,Bàn gỗ làm việc,Cái,equipment,1.0,,
BAOTRI,Kho Bảo trì,Bình phun thuốc,Cái,equipment,1.0,,
BAOTRI,Kho Bảo trì,Bộ lắp đặt nước nóng( máy hàn ống nước nóng),Bộ,equipment,1.0,,
BAOTRI,Kho Bảo trì,CPC 32 TÉP,Cái,equipment,1.0,,
BAOTRI,Kho Bảo trì,Cái bay,Cái,equipment,1.0,,
BAOTRI,Kho Bảo trì,Cưa sắt,Cái,equipment,1.0,,
BAOTRI,Kho Bảo trì,Cờ lê số 11,Cái,equipment,1.0,,
BAOTRI,Kho Bảo trì,Cờ lê số 13,Cái,equipment,1.0,,
BAOTRI,Kho Bảo trì,Cờ lê số 14,Cái,equipment,1.0,,
BAOTRI,Kho Bảo trì,Cờ lê số 16,Cái,equipment,1.0,,
BAOTRI,Kho Bảo trì,Cờ lê số 19,Cái,equipment,1.0,,
BAOTRI,Kho Bảo trì,Cờ lê số 21,Cái,equipment,1.0,,
BAOTRI,Kho Bảo trì,Cờ lê số 22,Cái,equipment,1.0,,
BAOTRI,Kho Bảo trì,Cờ lê số 24,Cái,equipment,1.0,,
BAOTRI,Kho Bảo trì,Cờ lê số 27,Cái,equipment,1.0,,
BAOTRI,Kho Bảo trì,Cờ lê số 30,Cái,equipment,1.0,,
BAOTRI,Kho Bảo trì,Cờ lê số 32,Cái,equipment,1.0,,
BAOTRI,Kho Bảo trì,E tô,Cái,equipment,1.0,,
BAOTRI,Kho Bảo trì,Giấy A4,Thùng,equipment,1.0,,
BAOTRI,Kho Bảo trì,Khoan điện,Cái,equipment,1.0,,
BAOTRI,Kho Bảo trì,Kìm cắt ( KÌM ĐỘNG LỰC CẮT SẮT),Cái,equipment,1.0,,
BAOTRI,Kho Bảo trì,Kìm cắt điện,Cái,equipment,1.0,,
BAOTRI,Kho Bảo trì,Kìm cắt ống nước,Cái,equipment,1.0,,
BAOTRI,Kho Bảo trì,Kìm mở khoá màu xanh dương,Cái,equipment,1.0,,
BAOTRI,Kho Bảo trì,Lưới lợp mái che nhà xe 6 *20m,Cuộn,equipment,1.0,,
BAOTRI,Kho Bảo trì,Máy bào,Cái,equipment,1.0,,
BAOTRI,Kho Bảo trì,Máy cưa cầm tay (điện),Cái,equipment,1.0,,
BAOTRI,Kho Bảo trì,Máy cắt sắt (máy lớn),Cái,equipment,1.0,,
BAOTRI,Kho Bảo trì,Máy hàn,Cái,equipment,1.0,,
BAOTRI,Kho Bảo trì,Máy hơi,Cái,equipment,1.0,,
BAOTRI,Kho Bảo trì,Máy khoan Pin ( 2 cục pin+ 1 sạc + 1 máy),Cái,equipment,1.0,,
BAOTRI,Kho Bảo trì,Máy khoan bê tông,Cái,equipment,1.0,,
BAOTRI,Kho Bảo trì,Máy lu,Cái,equipment,1.0,,
BAOTRI,Kho Bảo trì,Máy may,Bộ,equipment,1.0,,
BAOTRI,Kho Bảo trì,Máy mài,Cái,equipment,1.0,,
BAOTRI,Kho Bảo trì,Máy mài MG 620,Cái,equipment,1.0,,
BAOTRI,Kho Bảo trì,Máy trộn bê tông,Cái,equipment,1.0,,
BAOTRI,Kho Bảo trì,Móc lốp xe,Cái,equipment,1.0,,
BAOTRI,Kho Bảo trì,Mỏ lết 15-375mm,Cái,equipment,1.0,,
BAOTRI,Kho Bảo trì,Nắp bồn cầu,Cái,equipment,1.0,,
BAOTRI,Kho Bảo trì,Súng bắn Silicon,Cái,equipment,1.0,,
BAOTRI,Kho Bảo trì,Súng phun sơn,Cái,equipment,1.0,,
BAOTRI,Kho Bảo trì,Thước dây 30m,Cái,equipment,1.0,,
BAOTRI,Kho Bảo trì,Thước dây 7.5m,Cái,equipment,1.0,,
BAOTRI,Kho Bảo trì,Túi rác nhỏ,Lốc,equipment,1.0,,
BAOTRI,Kho Bảo trì,Xe lăn,Cái,equipment,1.0,,
BAOTRI,Kho Bảo trì,Xà beng,Cái,equipment,1.0,,
BAOTRI,Kho Bảo trì,bóng đèn trần ( 27/2/2025),cái,equipment,1.0,,
BAOTRI,Kho Bảo trì,bộ kẹp máy hàn,bộ,equipment,1.0,,
BAOTRI,Kho Bảo trì,cảo ba chân,Cái,equipment,1.0,,
BAOTRI,Kho Bảo trì,kìm mõ nhọn,cái,equipment,1.0,,
BAOTRI,Kho Bảo trì,kìm mõ quạ,cái,equipment,1.0,,
BAOTRI,Kho Bảo trì,lõi lọc nước số 2,Cái,equipment,1.0,,
BAOTRI,Kho Bảo trì,mõ lét xịn 12,cái,equipment,1.0,,
BAOTRI,Kho Bảo trì,Đèn pin bảo trì,Cái,equipment,1.0,,
BAOTRI,Kho Bảo trì,Đồng hồ đo điện trở (màu xám),Cái,equipment,1.0,,
BAOTRI,Kho Bảo trì,điếu mở bù lon 14,cái,equipment,1.0,,
BAOTRI,Kho Bảo trì,ổ cắm Nival,Cái,equipment,1.0,,
BAOTRI,Kho Bảo trì,Bao tay cao su,Đôi,equipment,0.0,,
BAOTRI,Kho Bảo trì,Bao tay nilon,Xấp,equipment,0.0,,
BAOTRI,Kho Bảo trì,Bao tay vải,Đôi,equipment,0.0,,
BAOTRI,Kho Bảo trì,Bào đa năng,Cái,equipment,0.0,,
BAOTRI,Kho Bảo trì,Bìa nút,Cái,equipment,0.0,,
BAOTRI,Kho Bảo trì,Bình chữa cháy,Cái,equipment,0.0,,
BAOTRI,Kho Bảo trì,Bình ắc quy,Cái,equipment,0.0,,
BAOTRI,Kho Bảo trì,Bóng PA 16 led 7.5W 3000k gu10,Cái,equipment,0.0,,
BAOTRI,Kho Bảo trì,Bóng PU,Cái,equipment,0.0,,
BAOTRI,Kho Bảo trì,Bóng đèn led (Led đường),Cái,equipment,0.0,,
BAOTRI,Kho Bảo trì,"Bóng đèn rạng đông 3W (lắp terrace, sân)",Cái,equipment,0.0,,
BAOTRI,Kho Bảo trì,Bút bi,Cây,equipment,0.0,,
BAOTRI,Kho Bảo trì,Bút lông,Cây,equipment,0.0,,
BAOTRI,Kho Bảo trì,Bút xóa,Cây,equipment,0.0,,
BAOTRI,Kho Bảo trì,Băng keo non quấn ống nước,Cuộn,equipment,0.0,,
BAOTRI,Kho Bảo trì,Bộ vòi xịt nhà tắm,Bộ,equipment,0.0,,
BAOTRI,Kho Bảo trì,Bột tẩy lồng máy giặt,Kg,equipment,0.0,,
BAOTRI,Kho Bảo trì,C25 2 CỰC,Cái,equipment,0.0,,
BAOTRI,Kho Bảo trì,CP điện,Cái,equipment,0.0,,
BAOTRI,Kho Bảo trì,Chuôi đèn,Cái,equipment,0.0,,
BAOTRI,Kho Bảo trì,Chà nhám,Cái,equipment,0.0,,
BAOTRI,Kho Bảo trì,Chân béc,Cái,equipment,0.0,,
BAOTRI,Kho Bảo trì,Chốt cửa vệ sinh,Cái,equipment,0.0,,
BAOTRI,Kho Bảo trì,Cây lau nhà,Cái,equipment,0.0,,
BAOTRI,Kho Bảo trì,Cần chữ thập,Cái,equipment,0.0,,
BAOTRI,Kho Bảo trì,Cọ,Cái,equipment,0.0,,
BAOTRI,Kho Bảo trì,Cờ lê số 6,Cái,equipment,0.0,,
BAOTRI,Kho Bảo trì,Cục nguồn 30A,Cái,equipment,0.0,,
BAOTRI,Kho Bảo trì,Cục túp đầu 22 24,Cái,equipment,0.0,,
BAOTRI,Kho Bảo trì,Dao cắt chính xác sợi quang FC,Cái,equipment,0.0,,
BAOTRI,Kho Bảo trì,Dao lam,Hộp,equipment,0.0,,
BAOTRI,Kho Bảo trì,Dao lưu kho,Cái,equipment,0.0,,
BAOTRI,Kho Bảo trì,Dao phát ( chuyển qua cây xanh ),Cái,equipment,0.0,,
BAOTRI,Kho Bảo trì,Dây cap treo máy,m,equipment,0.0,,
BAOTRI,Kho Bảo trì,Dây cap điện 3pha,m,equipment,0.0,,
BAOTRI,Kho Bảo trì,Dây chóng dựt,cái,equipment,0.0,,
BAOTRI,Kho Bảo trì,Dây cấp nước dài 150cm,cái,equipment,0.0,,
BAOTRI,Kho Bảo trì,Dây cấp nước nóng 80cm,Cái,equipment,0.0,,
BAOTRI,Kho Bảo trì,Dây dù,m,equipment,0.0,,
BAOTRI,Kho Bảo trì,Dây mạng,Cuộn,equipment,0.0,,
BAOTRI,Kho Bảo trì,Dây thun lưu kho,Bịch,equipment,0.0,,
BAOTRI,Kho Bảo trì,Dây tưới 972,Cuộn,equipment,0.0,,
BAOTRI,Kho Bảo trì,Dây điện 1 dây đơn 1.5 daphaca,m,equipment,0.0,,
BAOTRI,Kho Bảo trì,Dây điện cadivi  2*2.5,m,equipment,0.0,,
BAOTRI,Kho Bảo trì,Dây điện đôi 2.5,m,equipment,0.0,,
BAOTRI,Kho Bảo trì,Gas,Bình,equipment,0.0,,
BAOTRI,Kho Bảo trì,Giấy nhám,Tờ,equipment,0.0,,
BAOTRI,Kho Bảo trì,Hộp vá,Cái,equipment,0.0,,
BAOTRI,Kho Bảo trì,Ke góc,Cái,equipment,0.0,,
BAOTRI,Kho Bảo trì,Keo 502,Hộp,equipment,0.0,,
BAOTRI,Kho Bảo trì,Keo dán ống BM,Cái,equipment,0.0,,
BAOTRI,Kho Bảo trì,Keo dính chuột,Miếng,equipment,0.0,,
BAOTRI,Kho Bảo trì,Keo điện,Cuộn,equipment,0.0,,
BAOTRI,Kho Bảo trì,Khóa cửa,Cái,equipment,0.0,,
BAOTRI,Kho Bảo trì,Khăn lau,Cái,equipment,0.0,,
BAOTRI,Kho Bảo trì,Kich ( Đội ),Cái,equipment,0.0,,
BAOTRI,Kho Bảo trì,Kim khâu,Cái,equipment,0.0,,
BAOTRI,Kho Bảo trì,Kìm cắt ống,Cái,equipment,0.0,,
BAOTRI,Kho Bảo trì,Kìm kẹp (Kìm chết),Cái,equipment,0.0,,
BAOTRI,Kho Bảo trì,Kềm bấm dây mạng,Cái,equipment,0.0,,
BAOTRI,Kho Bảo trì,Liềm,Cái,equipment,0.0,,
BAOTRI,Kho Bảo trì,Long đền,Lạng,equipment,0.0,,
BAOTRI,Kho Bảo trì,Miếng chà xoong,Cái,equipment,0.0,,
BAOTRI,Kho Bảo trì,Miếng dán chuột,Miếng,equipment,0.0,,
BAOTRI,Kho Bảo trì,Miếng dán ruồi,Miếng,equipment,0.0,,
BAOTRI,Kho Bảo trì,Miếng lau sàn,Cái,equipment,0.0,,
BAOTRI,Kho Bảo trì,Miếng rửa chén,Cái,equipment,0.0,,
BAOTRI,Kho Bảo trì,Miếng vá sống,Cái,equipment,0.0,,
BAOTRI,Kho Bảo trì,Máy bơm tàu,Cái,equipment,0.0,,
BAOTRI,Kho Bảo trì,Máy cắt cỏ,Cái,equipment,0.0,,
BAOTRI,Kho Bảo trì,Máy rửa xe( CHUYỂN QUA BUỒNG PHÒNG ),Cái,equipment,0.0,,
BAOTRI,Kho Bảo trì,Mũi khoan 3mm,Cái,equipment,0.0,,
BAOTRI,Kho Bảo trì,Mũi khoan gỗ,Cái,equipment,0.0,,
BAOTRI,Kho Bảo trì,Mũi khoan sắt,Cái,equipment,0.0,,
BAOTRI,Kho Bảo trì,Nhang cúng,Bó,equipment,0.0,,
BAOTRI,Kho Bảo trì,Nhám đĩa,Cái,equipment,0.0,,
BAOTRI,Kho Bảo trì,Nhớt pha,Lít,equipment,0.0,,
BAOTRI,Kho Bảo trì,Nước tẩy bồn cầu,Chai,equipment,0.0,,
BAOTRI,Kho Bảo trì,Nước tẩy gạch men,Chai,equipment,0.0,,
BAOTRI,Kho Bảo trì,Nước xả vải,Lít,equipment,0.0,,
BAOTRI,Kho Bảo trì,Phao nước,Cái,equipment,0.0,,
BAOTRI,Kho Bảo trì,Phi nước,Cái,equipment,0.0,,
BAOTRI,Kho Bảo trì,Phích cắm,Cái,equipment,0.0,,
BAOTRI,Kho Bảo trì,Pin Rơ moc máy điều hòa (1 hộp),đôi,equipment,0.0,,
BAOTRI,Kho Bảo trì,Que xiên,Bịch,equipment,0.0,,
BAOTRI,Kho Bảo trì,Rơ le nhiệt,Bộ,equipment,0.0,,
BAOTRI,Kho Bảo trì,Rựa,Cái,equipment,0.0,,
BAOTRI,Kho Bảo trì,Silicol,Cái,equipment,0.0,,
BAOTRI,Kho Bảo trì,Súng bắn đinh (màu xanh),Cái,equipment,0.0,,
BAOTRI,Kho Bảo trì,Sổ giáo án,Cuộn,equipment,0.0,,
BAOTRI,Kho Bảo trì,Sữa tắm,Lít,equipment,0.0,,
BAOTRI,Kho Bảo trì,Taplo điện 3 công tắc,Cái,equipment,0.0,,
BAOTRI,Kho Bảo trì,Tinh màu,Cái,equipment,0.0,,
BAOTRI,Kho Bảo trì,Túi nilon,Kg,equipment,0.0,,
BAOTRI,Kho Bảo trì,Túi nilon 1L,Kg,equipment,0.0,,
BAOTRI,Kho Bảo trì,Tụ 35,Cái,equipment,0.0,,
BAOTRI,Kho Bảo trì,Vít 7F,Kg,equipment,0.0,,
BAOTRI,Kho Bảo trì,Vít gai vàng F4,Kg,equipment,0.0,,
BAOTRI,Kho Bảo trì,Vít gỗ 2F5,Kg,equipment,0.0,,
BAOTRI,Kho Bảo trì,Xi măng,Bao,equipment,0.0,,
BAOTRI,Kho Bảo trì,Xăng thơm,Lít,equipment,0.0,,
BAOTRI,Kho Bảo trì,chụp đèn-Đồng,Cái,equipment,0.0,,
BAOTRI,Kho Bảo trì,dây thun,Cái,equipment,0.0,,
BAOTRI,Kho Bảo trì,khóa ống nước 27,cái,equipment,0.0,,
BAOTRI,Kho Bảo trì,ray bóng đèn  ( 27/2/2025),cái,equipment,0.0,,
BAOTRI,Kho Bảo trì,Đèn Led 50W,Cái,equipment,0.0,,
BAOTRI,Kho Bảo trì,Đèn led rọi ray 10W,Cái,equipment,0.0,,
BAOTRI,Kho Bảo trì,Đèn trần (led Sasimi A3-7w),Cái,equipment,0.0,,
BAOTRI,Kho Bảo trì,Đĩa dùng 1 lần nhỏ,Xấp,equipment,0.0,,
BAOTRI,Kho Bảo trì,Đĩa dùng 1 lần đại,Xấp,equipment,0.0,,
BAOTRI,Kho Bảo trì,Đũa dùng 1 lần,Bịch,equipment,0.0,,
BAOTRI,Kho Bảo trì,Đầu vòi xịt,Cái,equipment,0.0,,
BAOTRI,Kho Bảo trì,Đồ cúng,Bộ,equipment,0.0,,
BAOTRI,Kho Bảo trì,Đồng hồ hẹn giờ Camsco,Cái,equipment,0.0,,
BAOTRI,Kho Bảo trì,Đồng hồ đo vạn năng (màu trắng),Cái,equipment,0.0,,
BAOTRI,Kho Bảo trì,Đục,Cái,equipment,0.0,,
BAOTRI,Kho Bảo trì,đèn ray màu đen,Cái,equipment,0.0,,
BAOTRI,Kho Bảo trì,đầu chà gỗ,Cái,equipment,0.0,,
BAOTRI,Kho Bảo trì,Ống nhựa 60,Cái,equipment,0.0,,
BAOTRI,Kho Bảo trì,Ống nhựa cứng P35-50m,Cuộn,equipment,0.0,,
BAOTRI,Kho Bảo trì,Ống nhựa dẻo P35-50m,Cuộn,equipment,0.0,,
BAOTRI,Kho Bảo trì,Ống nhựa phi 27,Cái,equipment,0.0,,
BAOTRI,Kho Bảo trì,Ổ cắm điện 8m,Cái,equipment,0.0,,
BAOTRI,Kho Bảo trì,ổ cắm Conip,Cái,equipment,0.0,,
BEP,Kho Bếp,Dầu Oliu,ML,consumable,320.0,,
BEP,Kho Bếp,Trứng gà,Quả,consumable,110.0,,
BEP,Kho Bếp,Trứng vịt,Quả,consumable,30.0,,
BEP,Kho Bếp,Ống cơm lam,Ống,consumable,30.0,,
BEP,Kho Bếp,Dầu ăn,Lít,consumable,25.0,,
BEP,Kho Bếp,Gạo,Kg,consumable,25.0,,
BEP,Kho Bếp,Khoai tây Siêu Thị,Kg,consumable,20.0,,
BEP,Kho Bếp,Bánh mỳ,Ổ,consumable,15.0,,
BEP,Kho Bếp,Bột carri,Gói,consumable,15.0,,
BEP,Kho Bếp,Bơ thực vật meizan,Hộp,consumable,14.0,,
BEP,Kho Bếp,Bánh tráng cuốn,Xấp,consumable,12.0,,
BEP,Kho Bếp,Bơ cục Anchor,cục,consumable,10.0,,
BEP,Kho Bếp,Bột ngọt,Kg,consumable,10.0,,
BEP,Kho Bếp,Gạo nếp,Kg,consumable,10.0,,
BEP,Kho Bếp,Hạt nêm,Kg,consumable,10.0,,
BEP,Kho Bếp,Muối hột,Kg,consumable,10.0,,
BEP,Kho Bếp,Nước mắm,Lít,consumable,10.0,,
BEP,Kho Bếp,Nước mắm chay,Chai,consumable,10.0,,
BEP,Kho Bếp,Bột bánh Waffle,Kg,consumable,9.0,,
BEP,Kho Bếp,Cá hộp,Hộp,consumable,9.0,,
BEP,Kho Bếp,Sốt Mayonnaise,Chai,consumable,9.0,,
BEP,Kho Bếp,Nước cốt dừa,Lon,consumable,8.0,,
BEP,Kho Bếp,Sốt dầu giấm,Chai,consumable,8.0,,
BEP,Kho Bếp,Đậu khuôn,Miếng,consumable,8.0,,
BEP,Kho Bếp,Mỳ Ý,Kg,consumable,7.5,,
BEP,Kho Bếp,Dầu hào,Kg,consumable,7.0,,
BEP,Kho Bếp,Mắm ruốc,Hũ,consumable,7.0,,
BEP,Kho Bếp,Sa tế tôm,Hũ,consumable,7.0,,
BEP,Kho Bếp,Gà nguyên con,Kg,consumable,6.5,,
BEP,Kho Bếp,Pizza gà teriyaki,cái,consumable,6.0,,
BEP,Kho Bếp,Đùi gà,Kg,consumable,6.0,,
BEP,Kho Bếp,Bánh mỳ san wich,Cây,consumable,5.0,,
BEP,Kho Bếp,Bơ đậu phụng,Kg,consumable,5.0,,
BEP,Kho Bếp,Cá Bông Lau,Kg,consumable,5.0,,
BEP,Kho Bếp,Cá Lăng,Kg,consumable,5.0,,
BEP,Kho Bếp,Dầu đậu nành,Lít,consumable,5.0,,
BEP,Kho Bếp,Hắc xì dầu,Chai,consumable,5.0,,
BEP,Kho Bếp,Pizza bò xông khói,cái,consumable,5.0,,
BEP,Kho Bếp,Pizza bò xúc xích,cái,consumable,5.0,,
BEP,Kho Bếp,Đậu phụng sống,Kg,consumable,5.0,,
BEP,Kho Bếp,Cá rô phi,Kg,consumable,4.0,,
BEP,Kho Bếp,Pizza phô mai,cái,consumable,4.0,,
BEP,Kho Bếp,Thịt ba chỉ heo,Kg,consumable,4.0,,
BEP,Kho Bếp,Vịt nguyên con,Con,consumable,4.0,,
BEP,Kho Bếp,Ống tre,Ống,consumable,4.0,,
BEP,Kho Bếp,Cá Diêu hồng,Kg,consumable,3.5,,
BEP,Kho Bếp,Bột pancake,Kg,consumable,3.0,,
BEP,Kho Bếp,Hành tây,Kg,consumable,3.0,,
BEP,Kho Bếp,Khoai lang,Kg,consumable,3.0,,
BEP,Kho Bếp,Sườn heo,Kg,consumable,3.0,,
BEP,Kho Bếp,Tương ớt,Kg,consumable,3.0,,
BEP,Kho Bếp,Xúc xích heo,Hộp,consumable,3.0,,
BEP,Kho Bếp,Bột chiên giòn,Kg,consumable,2.5,,
BEP,Kho Bếp,Bí đỏ,Kg,consumable,2.0,,
BEP,Kho Bếp,Chao hủ,Hũ,consumable,2.0,,
BEP,Kho Bếp,Cà tím,Kg,consumable,2.0,,
BEP,Kho Bếp,Củ sả,Kg,consumable,2.0,,
BEP,Kho Bếp,Hành củ,Kg,consumable,2.0,,
BEP,Kho Bếp,Mỳ tôm,Thùng,consumable,2.0,,
BEP,Kho Bếp,Phở tươi,Kg,consumable,2.0,,
BEP,Kho Bếp,Rau rừng,Kg,consumable,2.0,,
BEP,Kho Bếp,Sốt mỳ Spaghetti,Hũ,consumable,2.0,,
BEP,Kho Bếp,Thịt nạc heo,Kg,consumable,2.0,,
BEP,Kho Bếp,Tương đen,Kg,consumable,2.0,,
BEP,Kho Bếp,Xì dầu,Lít,consumable,2.0,,
BEP,Kho Bếp,Bột mỳ đa năng,Kg,consumable,1.5,,
BEP,Kho Bếp,Bột năng,Kg,consumable,1.5,,
BEP,Kho Bếp,Cua xay,Kg,consumable,1.5,,
BEP,Kho Bếp,Cà chua,Kg,consumable,1.5,,
BEP,Kho Bếp,Cà đắng,Kg,consumable,1.5,,
BEP,Kho Bếp,Củ cải trắng,Kg,consumable,1.5,,
BEP,Kho Bếp,Hạt nêm chay,Kg,consumable,1.5,,
BEP,Kho Bếp,Miến dong,Kg,consumable,1.5,,
BEP,Kho Bếp,Salad,Kg,consumable,1.5,,
BEP,Kho Bếp,Ức gà,Kg,consumable,1.5,,
BEP,Kho Bếp,Bánh phồng tôm,Kg,consumable,1.0,,
BEP,Kho Bếp,Bột bán,Kg,consumable,1.0,,
BEP,Kho Bếp,Cà rốt,Kg,consumable,1.0,,
BEP,Kho Bếp,Dưa leo bếp,Kg,consumable,1.0,,
BEP,Kho Bếp,Hoa chuối,Kg,consumable,1.0,,
BEP,Kho Bếp,Khoai tây,Kg,consumable,1.0,,
BEP,Kho Bếp,Lá Bép,Kg,consumable,1.0,,
BEP,Kho Bếp,Muối Iốt,Kg,consumable,1.0,,
BEP,Kho Bếp,Măng chua,Kg,consumable,1.0,,
BEP,Kho Bếp,Măng luộc,Kg,consumable,1.0,,
BEP,Kho Bếp,Mắm tôm,Hũ,consumable,1.0,,
BEP,Kho Bếp,Mực,Kg,consumable,1.0,,
BEP,Kho Bếp,Rau muống,Kg,consumable,1.0,,
BEP,Kho Bếp,Rau tập tàng,Kg,consumable,1.0,,
BEP,Kho Bếp,Thịt bò thăn,Kg,consumable,1.0,,
BEP,Kho Bếp,Thịt heo xay,Kg,consumable,1.0,,
BEP,Kho Bếp,Thịt nguội bacon,Kg,consumable,1.0,,
BEP,Kho Bếp,Tép,Kg,consumable,1.0,,
BEP,Kho Bếp,Tép hồ,Kg,consumable,1.0,,
BEP,Kho Bếp,Tương cà,Kg,consumable,1.0,,
BEP,Kho Bếp,Tương ớt chua ngọt,Kg,consumable,1.0,,
BEP,Kho Bếp,Đu đủ,Kg,consumable,1.0,,
BEP,Kho Bếp,Đường phèn bếp,Kg,consumable,1.0,,
BEP,Kho Bếp,Đậu xanh cà,Kg,consumable,1.0,,
BEP,Kho Bếp,Ớt chuông,Kg,consumable,1.0,,
BEP,Kho Bếp,Cá cơm khô,Kg,consumable,0.6,,
BEP,Kho Bếp,Thịt bò xay,Kg,consumable,0.6,,
BEP,Kho Bếp,Cà chua bi,Kg,consumable,0.5,,
BEP,Kho Bếp,Cải cay,Kg,consumable,0.5,,
BEP,Kho Bếp,Cải ngọt,Kg,consumable,0.5,,
BEP,Kho Bếp,Cải thảo,Kg,consumable,0.5,,
BEP,Kho Bếp,Giá đỗ,Kg,consumable,0.5,,
BEP,Kho Bếp,Hạt sen,Kg,consumable,0.5,,
BEP,Kho Bếp,Hủ tiếu khô,Kg,consumable,0.5,,
BEP,Kho Bếp,Mè trắng,Kg,consumable,0.5,,
BEP,Kho Bếp,Ngó sen,Kg,consumable,0.5,,
BEP,Kho Bếp,Nấm mèo,Kg,consumable,0.5,,
BEP,Kho Bếp,Oliu ngâm muối,Hũ,consumable,0.5,,
BEP,Kho Bếp,Súp lơ trắng,Kg,consumable,0.5,,
BEP,Kho Bếp,Súp lơ xanh,Kg,consumable,0.5,,
BEP,Kho Bếp,Tôm biển,Kg,consumable,0.5,,
BEP,Kho Bếp,Tỏi lột,Kg,consumable,0.5,,
BEP,Kho Bếp,Xoài xanh,Kg,consumable,0.5,,
BEP,Kho Bếp,Ớt hiểm,Kg,consumable,0.5,,
BEP,Kho Bếp,Ớt sừng,Kg,consumable,0.5,,
BEP,Kho Bếp,Cá bống,Kg,consumable,0.4,,
BEP,Kho Bếp,Chanh bếp,Kg,consumable,0.3,,
BEP,Kho Bếp,Gừng,Kg,consumable,0.3,,
BEP,Kho Bếp,Hành lá,Kg,consumable,0.3,,
BEP,Kho Bếp,Me chua,Kg,consumable,0.3,,
BEP,Kho Bếp,Chanh dây bếp,Kg,consumable,0.2,,
BEP,Kho Bếp,Húng quế,Kg,consumable,0.2,,
BEP,Kho Bếp,Nghệ,Kg,consumable,0.2,,
BEP,Kho Bếp,Ngò rí,Kg,consumable,0.2,,
BEP,Kho Bếp,Nấm đùi gà,Kg,consumable,0.2,,
BEP,Kho Bếp,Rau húng,Kg,consumable,0.2,,
BEP,Kho Bếp,Rau ngổ,Kg,consumable,0.2,,
BEP,Kho Bếp,Rau thơm,Kg,consumable,0.2,,
BEP,Kho Bếp,Tiêu bột,Kg,consumable,0.2,,
BEP,Kho Bếp,Tôm khô,Kg,consumable,0.2,,
BEP,Kho Bếp,Đậu ve,Kg,consumable,0.2,,
BEP,Kho Bếp,Cần tây,Kg,consumable,0.1,,
BEP,Kho Bếp,Nấm bào ngư,Kg,consumable,0.1,,
BEP,Kho Bếp,Phoma bột,Kg,consumable,0.1,,
BEP,Kho Bếp,Rau tía tô,Kg,consumable,0.1,,
BEP,Kho Bếp,Đậu bắp,Kg,consumable,0.1,,
BEP,Kho Bếp,Bánh Croisant,Kg,consumable,0.0,,
BEP,Kho Bếp,Bánh Pía,Xấp,consumable,0.0,,
BEP,Kho Bếp,Bánh bột lọc,Cái,consumable,0.0,,
BEP,Kho Bếp,Bánh chưng bánh tét,Kg,consumable,0.0,,
BEP,Kho Bếp,Bánh cuốn,Kg,consumable,0.0,,
BEP,Kho Bếp,Bánh hỏi,Kg,consumable,0.0,,
BEP,Kho Bếp,Bánh mỳ bơ tỏi,Gói,consumable,0.0,,
BEP,Kho Bếp,Bánh mỳ nguyên cám,Gói,consumable,0.0,,
BEP,Kho Bếp,Bánh mỳ đen,Gói,consumable,0.0,,
BEP,Kho Bếp,Bánh nậm,Kg,consumable,0.0,,
BEP,Kho Bếp,Bánh phở,Kg,consumable,0.0,,
BEP,Kho Bếp,Bánh tráng mè,Kg,consumable,0.0,,
BEP,Kho Bếp,Bánh tráng nướng,Xấp,consumable,0.0,,
BEP,Kho Bếp,Bánh tráng rế,Xấp,consumable,0.0,,
BEP,Kho Bếp,Bánh ít,Kg,consumable,0.0,,
BEP,Kho Bếp,Bánh ướt,Kg,consumable,0.0,,
BEP,Kho Bếp,Bí xanh,Kg,consumable,0.0,,
BEP,Kho Bếp,Bún khô,Kg,consumable,0.0,,
BEP,Kho Bếp,Bún tàu,Kg,consumable,0.0,,
BEP,Kho Bếp,Bún tươi,Kg,consumable,0.0,,
BEP,Kho Bếp,Bạc hà,Kg,consumable,0.0,,
BEP,Kho Bếp,Bầu trái,Kg,consumable,0.0,,
BEP,Kho Bếp,Bắp sú,Kg,consumable,0.0,,
BEP,Kho Bếp,Bắp trái,Trái,consumable,0.0,,
BEP,Kho Bếp,Bột Vani,Hộp,consumable,0.0,,
BEP,Kho Bếp,Bột bánh xèo,Kg,consumable,0.0,,
BEP,Kho Bếp,Bột béo,Kg,consumable,0.0,,
BEP,Kho Bếp,Bột bắp,Kg,consumable,0.0,,
BEP,Kho Bếp,Bột gạo,Kg,consumable,0.0,,
BEP,Kho Bếp,Cam bếp,Kg,consumable,0.0,,
BEP,Kho Bếp,Chuối chát (hột),Kg,consumable,0.0,,
BEP,Kho Bếp,Chuối móc,Trái,consumable,0.0,,
BEP,Kho Bếp,Chả cá,Kg,consumable,0.0,,
BEP,Kho Bếp,Chả da,Kg,consumable,0.0,,
BEP,Kho Bếp,Chả lụa,Kg,consumable,0.0,,
BEP,Kho Bếp,Chả lụa chay,Kg,consumable,0.0,,
BEP,Kho Bếp,Cá chép,Kg,consumable,0.0,,
BEP,Kho Bếp,Cá hấp,Kg,consumable,0.0,,
BEP,Kho Bếp,Cá lóc,Kg,consumable,0.0,,
BEP,Kho Bếp,Cá lăng đồng,Kg,consumable,0.0,,
BEP,Kho Bếp,Cá nục khô,Kg,consumable,0.0,,
BEP,Kho Bếp,Cánh gà,Kg,consumable,0.0,,
BEP,Kho Bếp,Củ Sắn,Kg,consumable,0.0,,
BEP,Kho Bếp,Củ dền,Kg,consumable,0.0,,
BEP,Kho Bếp,Củ kiệu,Kg,consumable,0.0,,
BEP,Kho Bếp,Dê nguyên con,Kg,consumable,0.0,,
BEP,Kho Bếp,Dăm bông heo,Kg,consumable,0.0,,
BEP,Kho Bếp,Dưa cải chua,Kg,consumable,0.0,,
BEP,Kho Bếp,Dừa trái,Trái,consumable,0.0,,
BEP,Kho Bếp,Dừa xay,Kg,consumable,0.0,,
BEP,Kho Bếp,Gia vị bò khò,Gói,consumable,0.0,,
BEP,Kho Bếp,Gia vị nướng ĐB,Kg,consumable,0.0,,
BEP,Kho Bếp,Giò heo,Kg,consumable,0.0,,
BEP,Kho Bếp,Giò sống,Kg,consumable,0.0,,
BEP,Kho Bếp,Gạch cua,Kg,consumable,0.0,,
BEP,Kho Bếp,Heo nguyên con,Kg,consumable,0.0,,
BEP,Kho Bếp,Heo quay,Kg,consumable,0.0,,
BEP,Kho Bếp,Hành Baro,Kg,consumable,0.0,,
BEP,Kho Bếp,Hạt điều,Kg,consumable,0.0,,
BEP,Kho Bếp,Khoai môn,Kg,consumable,0.0,,
BEP,Kho Bếp,Khế chua,Kg,consumable,0.0,,
BEP,Kho Bếp,Lá Khổ qua,Kg,consumable,0.0,,
BEP,Kho Bếp,Lá giang,Kg,consumable,0.0,,
BEP,Kho Bếp,Lá lốt,Kg,consumable,0.0,,
BEP,Kho Bếp,Lê bếp,Kg,consumable,0.0,,
BEP,Kho Bếp,Lạp xưởng,Kg,consumable,0.0,,
BEP,Kho Bếp,MÍT NON,Kg,consumable,0.0,,
BEP,Kho Bếp,Màu điều,Kg,consumable,0.0,,
BEP,Kho Bếp,Mít,Kg,consumable,0.0,,
BEP,Kho Bếp,Mù tạc,Chai,consumable,0.0,,
BEP,Kho Bếp,Măng khô,Kg,consumable,0.0,,
BEP,Kho Bếp,Măng tươi,Kg,consumable,0.0,,
BEP,Kho Bếp,Mướp trái,Kg,consumable,0.0,,
BEP,Kho Bếp,Mắm nêm,Chai,consumable,0.0,,
BEP,Kho Bếp,Mực hấp,Kg,consumable,0.0,,
BEP,Kho Bếp,Mỳ chay,Kg,consumable,0.0,,
BEP,Kho Bếp,Mỳ trứng,Gói,consumable,0.0,,
BEP,Kho Bếp,Ngò gai,Kg,consumable,0.0,,
BEP,Kho Bếp,Ngũ vị hương,Gói,consumable,0.0,,
BEP,Kho Bếp,Nha đam,Kg,consumable,0.0,,
BEP,Kho Bếp,Nấm dai,Kg,consumable,0.0,,
BEP,Kho Bếp,Nấm kim châm,Kg,consumable,0.0,,
BEP,Kho Bếp,Nấm rơm,Kg,consumable,0.0,,
BEP,Kho Bếp,Nấm tuyết,Kg,consumable,0.0,,
BEP,Kho Bếp,Nấm đông cô,Kg,consumable,0.0,,
BEP,Kho Bếp,Phoma Edam,Kg,consumable,0.0,,
BEP,Kho Bếp,Rau bí bếp,Kg,consumable,0.0,,
BEP,Kho Bếp,Rau diếp cá,Kg,consumable,0.0,,
BEP,Kho Bếp,Rau hẹ,Kg,consumable,0.0,,
BEP,Kho Bếp,Rau kinh giới,Kg,consumable,0.0,,
BEP,Kho Bếp,Rau mồng tơi,Kg,consumable,0.0,,
BEP,Kho Bếp,Rau răm,Kg,consumable,0.0,,
BEP,Kho Bếp,Rau sống,Kg,consumable,0.0,,
BEP,Kho Bếp,Riềng củ,Kg,consumable,0.0,,
BEP,Kho Bếp,Rong biển,Xấp,consumable,0.0,,
BEP,Kho Bếp,Su hào,Kg,consumable,0.0,,
BEP,Kho Bếp,Sốt lẩu thái chay,Chai,consumable,0.0,,
BEP,Kho Bếp,Sốt thị nướng,Gói,consumable,0.0,,
BEP,Kho Bếp,Tai heo,Kg,consumable,0.0,,
BEP,Kho Bếp,Thanh long BEP,Kg,consumable,0.0,,
BEP,Kho Bếp,Thì là,Kg,consumable,0.0,,
BEP,Kho Bếp,Thơm bếp,Trái,consumable,0.0,,
BEP,Kho Bếp,Thịt bò Úc,Kg,consumable,0.0,,
BEP,Kho Bếp,Tiêu xọ,Kg,consumable,0.0,,
BEP,Kho Bếp,Tiết Heo,Kg,consumable,0.0,,
BEP,Kho Bếp,Trứng cút,Quả,consumable,0.0,,
BEP,Kho Bếp,Trứng muối,Quả,consumable,0.0,,
BEP,Kho Bếp,Tép khô,Kg,consumable,0.0,,
BEP,Kho Bếp,Vỏ cua,Kg,consumable,0.0,,
BEP,Kho Bếp,Xúc xích tỏi,Kg,consumable,0.0,,
BEP,Kho Bếp,Xương gà,Kg,consumable,0.0,,
BEP,Kho Bếp,Xương heo,Kg,consumable,0.0,,
BEP,Kho Bếp,khổ qua,Kg,consumable,0.0,,
BEP,Kho Bếp,Đường nâu bếp,Kg,consumable,0.0,,
BEP,Kho Bếp,Đầu gà,Kg,consumable,0.0,,
BEP,Kho Bếp,Đậu hà lan,Kg,consumable,0.0,,
BEP,Kho Bếp,Đậu hũ non,Miếng,consumable,0.0,,
BEP,Kho Bếp,Đậu tương,Kg,consumable,0.0,,
BEP,Kho Bếp,Đậu đen,Kg,consumable,0.0,,
BEP,Kho Bếp,Đậu đỏ,Kg,consumable,0.0,,
BEP,Kho Bếp,Đồ nấu chè dưỡng nhan,Bộ,consumable,0.0,,
BEP,Kho Bếp,Ớt bột,Kg,consumable,0.0,,
BEP,Kho Bếp,Dĩa tròn sứ trắng,Cái,equipment,101.0,,
BEP,Kho Bếp,Tô hoa văn,Cái,equipment,81.0,,
BEP,Kho Bếp,Tô trắng sứ,Cái,equipment,62.0,,
BEP,Kho Bếp,Dĩa hột xoài nhỏ,Cái,equipment,33.0,,
BEP,Kho Bếp,Dĩa thủy tinh,Cái,equipment,33.0,,
BEP,Kho Bếp,Dĩa hoa văn,Cái,equipment,32.0,,
BEP,Kho Bếp,Khay đồ ăn nhân viên,Cái,equipment,30.0,,
BEP,Kho Bếp,Rổ nhựa các loại,Cái,equipment,24.0,,
BEP,Kho Bếp,Bộ đựng gia vi bằng sứ,Cái,equipment,20.0,,
BEP,Kho Bếp,Hộp nhựa các loại,Cái,equipment,19.0,,
BEP,Kho Bếp,Dĩa chữ nhật lớn,Cái,equipment,18.0,,
BEP,Kho Bếp,Dĩa hột xoài lớn,Cái,equipment,17.0,,
BEP,Kho Bếp,Mẹt,Cái,equipment,15.0,,
BEP,Kho Bếp,Nồi lẩu,Cái,equipment,14.0,,
BEP,Kho Bếp,Dĩa chữ nhật nhỏ,Cái,equipment,12.0,,
BEP,Kho Bếp,Dĩa xoài hoa văn,Cái,equipment,12.0,,
BEP,Kho Bếp,Tô 23 cm (Tô quai),Cái,equipment,12.0,,
BEP,Kho Bếp,Nồi các loại,Cái,equipment,11.0,,
BEP,Kho Bếp,Chén nhân viên,Cái,equipment,10.0,,
BEP,Kho Bếp,Dĩa lá chuối nhỏ,Cái,equipment,10.0,,
BEP,Kho Bếp,Khay inox,Cái,equipment,10.0,,
BEP,Kho Bếp,Muỗng Inox nhân viên,Cái,equipment,10.0,,
BEP,Kho Bếp,Dĩa chữ nhật kiểu( Dĩa vuông),Cái,equipment,9.0,,
BEP,Kho Bếp,Dĩa lá chuối lớn,Cái,equipment,9.0,,
BEP,Kho Bếp,Thau inox,Cái,equipment,9.0,,
BEP,Kho Bếp,Nồi đất sâu 0L5,Cái,equipment,8.0,,
BEP,Kho Bếp,"Vỉ nướng lớn, nhỏ",Cái,equipment,8.0,,
BEP,Kho Bếp,Dĩa rắn,Cái,equipment,7.0,,
BEP,Kho Bếp,Thớt nhựa,Cái,equipment,7.0,,
BEP,Kho Bếp,Tộ kho nhỏ,Cái,equipment,7.0,,
BEP,Kho Bếp,"Chảo xào rau lớn, nhỏ",Cái,equipment,6.0,,
BEP,Kho Bếp,Cây quay vịt,Cái,equipment,6.0,,
BEP,Kho Bếp,Dao cán gỗ,Cái,equipment,6.0,,
BEP,Kho Bếp,Dĩa sâu 23 cm,Cái,equipment,6.0,,
BEP,Kho Bếp,Dĩa xoài Inox,Cái,equipment,6.0,,
BEP,Kho Bếp,Vá cơm gỗ,Cái,equipment,6.0,,
BEP,Kho Bếp,Vợt xương,Cái,equipment,5.0,,
BEP,Kho Bếp,Dao bào,Cái,equipment,4.0,,
BEP,Kho Bếp,Gắp 40cm,Cái,equipment,4.0,,
BEP,Kho Bếp,Khay inox 35*40*5,Cái,equipment,4.0,,
BEP,Kho Bếp,Kéo,Cái,equipment,4.0,,
BEP,Kho Bếp,Rổ mây đựng bánh mì,Cái,equipment,4.0,,
BEP,Kho Bếp,Vá inox đại,Cái,equipment,4.0,,
BEP,Kho Bếp,Xửng hấp,Cái,equipment,4.0,,
BEP,Kho Bếp,Dao inox,Cái,equipment,3.0,,
BEP,Kho Bếp,"Lò nướng than lớn, nhỏ",Cái,equipment,3.0,,
BEP,Kho Bếp,Thùng rác nhựa,Cái,equipment,3.0,,
BEP,Kho Bếp,Bào sợi đa năng,Cái,equipment,2.0,,
BEP,Kho Bếp,Chùi xoong lưới,Cái,equipment,2.0,,
BEP,Kho Bếp,Chảo chống dính bằng inox,Cái,equipment,2.0,,
BEP,Kho Bếp,Chảo chống dính oppla,Cái,equipment,2.0,,
BEP,Kho Bếp,Chảo nhôm,Cái,equipment,2.0,,
BEP,Kho Bếp,Cọ quét dầu,Cái,equipment,2.0,,
BEP,Kho Bếp,Dao,Cái,equipment,2.0,,
BEP,Kho Bếp,Dao chặt,Cái,equipment,2.0,,
BEP,Kho Bếp,Hũ mứt,Cái,equipment,2.0,,
BEP,Kho Bếp,Kệ thớt,Cái,equipment,2.0,,
BEP,Kho Bếp,Lược bọt,Cái,equipment,2.0,,
BEP,Kho Bếp,Lược dầu,Cái,equipment,2.0,,
BEP,Kho Bếp,Nồi cơm điện 10L,Cái,equipment,2.0,,
BEP,Kho Bếp,Rổ tre tròn,Cái,equipment,2.0,,
BEP,Kho Bếp,Thớt nhựa tròn màu trắng 40cm dày 14,Cái,equipment,2.0,,
BEP,Kho Bếp,Tủ đông Sanaky 305lit,Cái,equipment,2.0,,
BEP,Kho Bếp,Xẻng xào Inox,Cái,equipment,2.0,,
BEP,Kho Bếp,Bêp gas gia đình 2 ngắn,Cái,equipment,1.0,,
BEP,Kho Bếp,Búa đập thịt,Cái,equipment,1.0,,
BEP,Kho Bếp,Bếp gas khò công nghiệp,Cái,equipment,1.0,,
BEP,Kho Bếp,Bếp gas đôi,Cái,equipment,1.0,,
BEP,Kho Bếp,Ca inox,Cái,equipment,1.0,,
BEP,Kho Bếp,Chày cối,Cái,equipment,1.0,,
BEP,Kho Bếp,Chõ xôi nhôm,Cái,equipment,1.0,,
BEP,Kho Bếp,Chảo sắt,Cái,equipment,1.0,,
BEP,Kho Bếp,Chổi chà sàn,Cái,equipment,1.0,,
BEP,Kho Bếp,Chổi chà sàn cán inox,Cái,equipment,1.0,,
BEP,Kho Bếp,Cân Nhơn Hòa 2 kg,Cái,equipment,1.0,,
BEP,Kho Bếp,Cây gạt nước,Cái,equipment,1.0,,
BEP,Kho Bếp,Cây gạt nước inox,Cái,equipment,1.0,,
BEP,Kho Bếp,Cây gạt nước+chà sàn,Cái,equipment,1.0,,
BEP,Kho Bếp,Cây lăn bột,Cái,equipment,1.0,,
BEP,Kho Bếp,Cọ quét dầu cán nhựa trung,Cái,equipment,1.0,,
BEP,Kho Bếp,Dao bào rau củ đa năng,Cái,equipment,1.0,,
BEP,Kho Bếp,Dao super chef,Cái,equipment,1.0,,
BEP,Kho Bếp,Kệ dao inox,Cái,equipment,1.0,,
BEP,Kho Bếp,Lò nướng bánh mì,Cái,equipment,1.0,,
BEP,Kho Bếp,Lò quay vịt,Cái,equipment,1.0,,
BEP,Kho Bếp,Lò vi sóng,Cái,equipment,1.0,,
BEP,Kho Bếp,Máy làm bánh waffle (8 ngăn),Cái,equipment,1.0,,
BEP,Kho Bếp,Máy xay sinh tố,Cái,equipment,1.0,,
BEP,Kho Bếp,"Máy đánh kem,trứng",Cái,equipment,1.0,,
BEP,Kho Bếp,Nồi hấp lớn 2 ngăn (Kho tổng),Cái,equipment,1.0,,
BEP,Kho Bếp,Nồi hấp trung,Cái,equipment,1.0,,
BEP,Kho Bếp,Nồi đại,Cái,equipment,1.0,,
BEP,Kho Bếp,Nồi đất sâu 3L,Cái,equipment,1.0,,
BEP,Kho Bếp,Rổ quay rau,Cái,equipment,1.0,,
BEP,Kho Bếp,Thuyền tre,Cái,equipment,1.0,,
BEP,Kho Bếp,Tủ mát 4 cánh Berjaya,Cái,equipment,1.0,,
BEP,Kho Bếp,Tủ mát Sanaky 400lit,Cái,equipment,1.0,,
BEP,Kho Bếp,Tủ đông 4 cánh Berjaya,Cái,equipment,1.0,,
BEP,Kho Bếp,Vợt hủ tiếu,Cái,equipment,1.0,,
BEP,Kho Bếp,bộ hộp nhựa dẻo 5c vuông,bộ,equipment,1.0,,
BEP,Kho Bếp,cân Nhơn Hoà 60 Kg,Cái,equipment,1.0,,
BEP,Kho Bếp,cọ quét dầu cán nhựa lớn,Cái,equipment,1.0,,
BEP,Kho Bếp,Đá mài dao,Cái,equipment,1.0,,
BEP,Kho Bếp,Đánh trứng bằng tay,Cái,equipment,1.0,,
BEP,Kho Bếp,Đánh vảy cá,Cái,equipment,1.0,,
BEP,Kho Bếp,Đồ cắt trứng,Cái,equipment,1.0,,
BEP,Kho Bếp,Đồng hồ,Cái,equipment,1.0,,
BEP,Kho Bếp,"Ca múc nước lớn, nhỏ",Cái,equipment,0.0,,
BEP,Kho Bếp,Chảo có quai cầm,Cái,equipment,0.0,,
BEP,Kho Bếp,Cối xay đa năng,Bộ,equipment,0.0,,
BEP,Kho Bếp,Dao bào cán gỗ,Cái,equipment,0.0,,
BEP,Kho Bếp,Dao tỉa,Cái,equipment,0.0,,
BEP,Kho Bếp,Dĩa chữ nhật trung,Cái,equipment,0.0,,
BEP,Kho Bếp,Dĩa tròn 20 cm(Dĩa lót tô),Cái,equipment,0.0,,
BEP,Kho Bếp,Dĩa tròn 22 cm(Dĩa xào rau),Cái,equipment,0.0,,
BEP,Kho Bếp,Dĩa tròn 25 cm(Dĩa ốp la),Cái,equipment,0.0,,
BEP,Kho Bếp,Dĩa tròn 28 cm(Dĩa tròn đại),Cái,equipment,0.0,,
BEP,Kho Bếp,Khay Inox 22x30,Cái,equipment,0.0,,
BEP,Kho Bếp,Khay Inox 22x32,Cái,equipment,0.0,,
BEP,Kho Bếp,Khay Inox 36x27,Cái,equipment,0.0,,
BEP,Kho Bếp,Khay Inox lớn,Cái,equipment,0.0,,
BEP,Kho Bếp,Khay làm bánh bắng nhựa,Cái,equipment,0.0,,
BEP,Kho Bếp,Khay làm bánh bằng nhôm,Cái,equipment,0.0,,
BEP,Kho Bếp,Khuôn bánh khọt,Cái,equipment,0.0,,
BEP,Kho Bếp,Lò nướng,Cái,equipment,0.0,,
BEP,Kho Bếp,Lò đất lớn nhỏ,Cái,equipment,0.0,,
BEP,Kho Bếp,Máy chiên khoai tây,Cái,equipment,0.0,,
BEP,Kho Bếp,Máy làm giá đỗ,Cái,equipment,0.0,,
BEP,Kho Bếp,Nồi 25 lít,Cái,equipment,0.0,,
BEP,Kho Bếp,Nồi có quai cầm,Cái,equipment,0.0,,
BEP,Kho Bếp,Nồi cơm ga lớn,Cái,equipment,0.0,,
BEP,Kho Bếp,Nồi cơm điện 4L,Cái,equipment,0.0,,
BEP,Kho Bếp,Nồi nấu nước phở,Cái,equipment,0.0,,
BEP,Kho Bếp,Rổ Inox,Cái,equipment,0.0,,
BEP,Kho Bếp,Rổ nhựa vuông lớn,Cái,equipment,0.0,,
BEP,Kho Bếp,Rổ nhựa vuông nhỏ,Cái,equipment,0.0,,
BEP,Kho Bếp,Rổ nhựa đại,Cái,equipment,0.0,,
BEP,Kho Bếp,Thau inox lớn,Cái,equipment,0.0,,
BEP,Kho Bếp,Thau inox nhỏ,Cái,equipment,0.0,,
BEP,Kho Bếp,Thau nhựa đại,Cái,equipment,0.0,,
BEP,Kho Bếp,Thùng rác có nắp,Cái,equipment,0.0,,
BEP,Kho Bếp,Thớt gỗ,Cái,equipment,0.0,,
BEP,Kho Bếp,Tô 18 (Trung),Cái,equipment,0.0,,
BEP,Kho Bếp,Tô 7 Ck (Tô phở),Cái,equipment,0.0,,
BEP,Kho Bếp,Tô tròn 20cm (Tô bẹt),Cái,equipment,0.0,,
BEP,Kho Bếp,Xưởng hấp bằng tre,bộ,equipment,0.0,,
BEP,Kho Bếp,Đũa NV,Đôi,equipment,0.0,,
BEP,Kho Bếp,Đũa gối chiên xào,Đôi,equipment,0.0,,
CAYXANH,Kho Cây xanh,Máy phát cỏ,cái,equipment,3.0,,
CAYXANH,Kho Cây xanh,Cuốc làm vườn,cái,equipment,2.0,,
CAYXANH,Kho Cây xanh,Dao phát,cái,equipment,2.0,,
CAYXANH,Kho Cây xanh,Máy bơm chìm,cái,equipment,2.0,,
CAYXANH,Kho Cây xanh,Dây bơm điện,cuộn,equipment,1.0,,
CAYXANH,Kho Cây xanh,Máy phun thuốc muỗi,cái,equipment,1.0,,
LETAN,Kho Lễ tân,Bộ bài,Bộ,equipment,7.0,,
LETAN,Kho Lễ tân,Khăn thổ cẩm nhiều cườm,Cái,equipment,6.0,,
LETAN,Kho Lễ tân,Khăn choàng cổ thổ cẩm,Cái,equipment,5.0,,
LETAN,Kho Lễ tân,Voi thổ cẩm,Cái,equipment,5.0,,
LETAN,Kho Lễ tân,Vỏ gối thổ cẩm,Cái,equipment,5.0,,
LETAN,Kho Lễ tân,Áo thổ cẩm trẻ em,Cái,equipment,5.0,,
LETAN,Kho Lễ tân,Chuông gió,Cái,equipment,4.0,,
LETAN,Kho Lễ tân,Khăn thổ cẩm không cườm (để trải bàn),Cái,equipment,4.0,,
LETAN,Kho Lễ tân,Ví thổ cẩm,Cái,equipment,3.0,,
LETAN,Kho Lễ tân,Khăn thổ cẩm ít cườm,Cái,equipment,1.0,,
LETAN,Kho Lễ tân,Móc khóa voi gỗ,Cái,equipment,0.0,,
LETAN,Kho Lễ tân,Móc khóa voi thổ cẩm,Cái,equipment,0.0,,
LETAN,Kho Lễ tân,Mũ lát,Cái,equipment,0.0,,
NHAHANG,Kho Nhà hàng & Bar,Cointreau,ML,consumable,1440.0,,
NHAHANG,Kho Nhà hàng & Bar,Kahlua,ML,consumable,1440.0,,
NHAHANG,Kho Nhà hàng & Bar,Baileys,ML,consumable,1400.0,,
NHAHANG,Kho Nhà hàng & Bar,Siro dâu,ml,consumable,900.0,,
NHAHANG,Kho Nhà hàng & Bar,Mật ong,ML,consumable,200.0,,
NHAHANG,Kho Nhà hàng & Bar,Gordon Gin,ML,consumable,100.0,,
NHAHANG,Kho Nhà hàng & Bar,BIA LARUE,Lon,consumable,76.0,,
NHAHANG,Kho Nhà hàng & Bar,Bacardi Gold,ML,consumable,70.0,,
NHAHANG,Kho Nhà hàng & Bar,Tonic,Lon,consumable,55.0,,
NHAHANG,Kho Nhà hàng & Bar,Remy Martin V.S.O.P,ML,consumable,50.0,,
NHAHANG,Kho Nhà hàng & Bar,Rượu Vodka Smirnoff,ML,consumable,50.0,,
NHAHANG,Kho Nhà hàng & Bar,Sữa chua ko đường,Hộp,consumable,48.0,,
NHAHANG,Kho Nhà hàng & Bar,SUỐI NHỎ,Chai,consumable,44.0,,
NHAHANG,Kho Nhà hàng & Bar,MIRINDA,Lon,consumable,43.0,,
NHAHANG,Kho Nhà hàng & Bar,Pepsi,Lon,consumable,41.0,,
NHAHANG,Kho Nhà hàng & Bar,7up,Lon,consumable,34.0,,
NHAHANG,Kho Nhà hàng & Bar,BIA SÀI GÒN LAGER,Lon,consumable,26.0,,
NHAHANG,Kho Nhà hàng & Bar,RƯỢU NẾP CẨM,Chai,consumable,22.0,,
NHAHANG,Kho Nhà hàng & Bar,Soda,Lon,consumable,20.0,,
NHAHANG,Kho Nhà hàng & Bar,Bột Cacao,Kg,consumable,9.0,,
NHAHANG,Kho Nhà hàng & Bar,"NƯỚC SUỐI 1,5LIT",Chai,consumable,9.0,,
NHAHANG,Kho Nhà hàng & Bar,Kem hộp Vani,Lít,consumable,8.0,,
NHAHANG,Kho Nhà hàng & Bar,Kem hộp socola,Lít,consumable,8.0,,
NHAHANG,Kho Nhà hàng & Bar,Dưa hấu,Kg,consumable,7.0,,
NHAHANG,Kho Nhà hàng & Bar,Rượu Pol Remy Demi Dec Brut 75cl Sparkling Wine,Chai,consumable,6.0,,
NHAHANG,Kho Nhà hàng & Bar,Rượu ổi,Chai,consumable,5.0,,
NHAHANG,Kho Nhà hàng & Bar,Vang đà lạt 750ml (đỏ),ML,consumable,5.0,,
NHAHANG,Kho Nhà hàng & Bar,Pepsi LIGHT,Lon,consumable,4.0,,
NHAHANG,Kho Nhà hàng & Bar,Thơm trái NH,Trái,consumable,4.0,,
NHAHANG,Kho Nhà hàng & Bar,Vang DALAT (trắng),ML,consumable,4.0,,
NHAHANG,Kho Nhà hàng & Bar,Cam tươi NH,Kg,consumable,3.0,,
NHAHANG,Kho Nhà hàng & Bar,Chanh dây NH,Kg,consumable,3.0,,
NHAHANG,Kho Nhà hàng & Bar,Cà phê bột,Kg,consumable,2.0,,
NHAHANG,Kho Nhà hàng & Bar,TARAPACA COSHECHA CABERNET SAUVIGON,Chai,consumable,2.0,,
NHAHANG,Kho Nhà hàng & Bar,Chanh trái NH,Kg,consumable,1.7,,
NHAHANG,Kho Nhà hàng & Bar,Thanh long NH,Kg,consumable,1.5,,
NHAHANG,Kho Nhà hàng & Bar,CHATEUU FONCROSE CABERNET SAUVIGON,Chai,consumable,1.0,,
NHAHANG,Kho Nhà hàng & Bar,Ngũ cốc bắp,Kg,consumable,1.0,,
NHAHANG,Kho Nhà hàng & Bar,Gừng NH,Kg,consumable,0.8,,
NHAHANG,Kho Nhà hàng & Bar,Ổi,Kg,consumable,0.4,,
NHAHANG,Kho Nhà hàng & Bar,Xoài xanh NH,Kg,consumable,0.2,,
NHAHANG,Kho Nhà hàng & Bar,Bia Tiger,Lon,consumable,0.0,,
NHAHANG,Kho Nhà hàng & Bar,Bia nấu,Chai,consumable,0.0,,
NHAHANG,Kho Nhà hàng & Bar,Bơ trái,Kg,consumable,0.0,,
NHAHANG,Kho Nhà hàng & Bar,CHATEUU FONCROSE SAUVIGON BLANC,Chai,consumable,0.0,,
NHAHANG,Kho Nhà hàng & Bar,Cam Mỹ,Kg,consumable,0.0,,
NHAHANG,Kho Nhà hàng & Bar,Chuối NH,Nải,consumable,0.0,,
NHAHANG,Kho Nhà hàng & Bar,Chôm chôm,Kg,consumable,0.0,,
NHAHANG,Kho Nhà hàng & Bar,Cà chua NH,Kg,consumable,0.0,,
NHAHANG,Kho Nhà hàng & Bar,Cà phê hạt mộc,Kg,consumable,0.0,,
NHAHANG,Kho Nhà hàng & Bar,Cà rốt NH,Kg,consumable,0.0,,
NHAHANG,Kho Nhà hàng & Bar,Dưa leo NH,Kg,consumable,0.0,,
NHAHANG,Kho Nhà hàng & Bar,Hạt Konia,Kg,consumable,0.0,,
NHAHANG,Kho Nhà hàng & Bar,Kem sữa tươi,Kg,consumable,0.0,,
NHAHANG,Kho Nhà hàng & Bar,Lê NH,Kg,consumable,0.0,,
NHAHANG,Kho Nhà hàng & Bar,Mít NH,Kg,consumable,0.0,,
NHAHANG,Kho Nhà hàng & Bar,Mận,Kg,consumable,0.0,,
NHAHANG,Kho Nhà hàng & Bar,MỲ LY,Món,consumable,0.0,,
NHAHANG,Kho Nhà hàng & Bar,Ngũ cốc Socola,Kg,consumable,0.0,,
NHAHANG,Kho Nhà hàng & Bar,Nho,Kg,consumable,0.0,,
NHAHANG,Kho Nhà hàng & Bar,Nhãn,Kg,consumable,0.0,,
NHAHANG,Kho Nhà hàng & Bar,Quýt Thái,Kg,consumable,0.0,,
NHAHANG,Kho Nhà hàng & Bar,Rau húng lủi NH,Kg,consumable,0.0,,
NHAHANG,Kho Nhà hàng & Bar,Santa rita 3tres medallas cabernet sauvignon 2021,Chai,consumable,0.0,,
NHAHANG,Kho Nhà hàng & Bar,Sầu riêng,Kg,consumable,0.0,,
NHAHANG,Kho Nhà hàng & Bar,TARAPACA COSHECHA SAUVIGON BLANC,Chai,consumable,0.0,,
NHAHANG,Kho Nhà hàng & Bar,Tequila Gold,ML,consumable,0.0,,
NHAHANG,Kho Nhà hàng & Bar,Trà khô,Kg,consumable,0.0,,
NHAHANG,Kho Nhà hàng & Bar,Táo bom,Kg,consumable,0.0,,
NHAHANG,Kho Nhà hàng & Bar,Táo xanh,Kg,consumable,0.0,,
NHAHANG,Kho Nhà hàng & Bar,Đũa khách,Đôi,equipment,147.0,,
NHAHANG,Kho Nhà hàng & Bar,Ly Rock,Cái,equipment,76.0,,
NHAHANG,Kho Nhà hàng & Bar,Dao ăn,Cái,equipment,75.0,,
NHAHANG,Kho Nhà hàng & Bar,Muỗng inox đầu tròn,Cái,equipment,67.0,,
NHAHANG,Kho Nhà hàng & Bar,Chén xám+nâu,Cái,equipment,65.0,,
NHAHANG,Kho Nhà hàng & Bar,Đĩa lót chén 15.5 cm(Dĩa 8CK),Cái,equipment,57.0,,
NHAHANG,Kho Nhà hàng & Bar,Chén sứ trắng,Cái,equipment,54.0,,
NHAHANG,Kho Nhà hàng & Bar,Nĩa,Cái,equipment,54.0,,
NHAHANG,Kho Nhà hàng & Bar,Ghế tựa nâu,Cái,equipment,52.0,,
NHAHANG,Kho Nhà hàng & Bar,Ly Espresso,Cái,equipment,51.0,,
NHAHANG,Kho Nhà hàng & Bar,Tách thủy tinh,Cái,equipment,48.0,,
NHAHANG,Kho Nhà hàng & Bar,Đĩa lót tách thủy tinh,Cái,equipment,48.0,,
NHAHANG,Kho Nhà hàng & Bar,Đế lót ly,Cái,equipment,48.0,,
NHAHANG,Kho Nhà hàng & Bar,Muỗng ăn chè + muỗng sinh tố,Cái,equipment,38.0,,
NHAHANG,Kho Nhà hàng & Bar,Ghế salon tựa gỗ,Cái,equipment,30.0,,
NHAHANG,Kho Nhà hàng & Bar,Nệm ghế tựa nâu,Cái,equipment,30.0,,
NHAHANG,Kho Nhà hàng & Bar,Ly nước ép,Cái,equipment,27.0,,
NHAHANG,Kho Nhà hàng & Bar,Gắp,Cái,equipment,25.0,,
NHAHANG,Kho Nhà hàng & Bar,Muỗng gỗ nhỏ múc cơm + nhựa,Cái,equipment,24.0,,
NHAHANG,Kho Nhà hàng & Bar,Muỗng cà phê F&B,Cái,equipment,23.0,,
NHAHANG,Kho Nhà hàng & Bar,Tách sứ F&B,Cái,equipment,23.0,,
NHAHANG,Kho Nhà hàng & Bar,Ly rượu nhỏ,Cái,equipment,22.0,,
NHAHANG,Kho Nhà hàng & Bar,Bình đựng nước tương,Cái,equipment,18.0,,
NHAHANG,Kho Nhà hàng & Bar,Bếp cồn,Cái,equipment,18.0,,
NHAHANG,Kho Nhà hàng & Bar,Tấm lót dụng cụ ăn,Cái,equipment,18.0,,
NHAHANG,Kho Nhà hàng & Bar,Ghế dù Terrace,Cái,equipment,15.0,,
NHAHANG,Kho Nhà hàng & Bar,LY Magarta,Cái,equipment,15.0,,
NHAHANG,Kho Nhà hàng & Bar,Hũ tiêu,Cái,equipment,13.0,,
NHAHANG,Kho Nhà hàng & Bar,Muống gỗ múc canh,Cái,equipment,13.0,,
NHAHANG,Kho Nhà hàng & Bar,Muỗng canh lớn,Cái,equipment,13.0,,
NHAHANG,Kho Nhà hàng & Bar,Chén ngũ cốc,Cái,equipment,12.0,,
NHAHANG,Kho Nhà hàng & Bar,Hũ tăm,Cái,equipment,12.0,,
NHAHANG,Kho Nhà hàng & Bar,Ly vang,Cái,equipment,12.0,,
NHAHANG,Kho Nhà hàng & Bar,Khay chống trượt lớn,Cái,equipment,10.0,,
NHAHANG,Kho Nhà hàng & Bar,Ly Martini,Cái,equipment,10.0,,
NHAHANG,Kho Nhà hàng & Bar,Ly đựng giấy ăn,Cái,equipment,10.0,,
NHAHANG,Kho Nhà hàng & Bar,Phin café nhôm,Cái,equipment,10.0,,
NHAHANG,Kho Nhà hàng & Bar,Phin caphe nhỏ,Cái,equipment,10.0,,
NHAHANG,Kho Nhà hàng & Bar,Ghế bar,Cái,equipment,9.0,,
NHAHANG,Kho Nhà hàng & Bar,Bàn nâu vuông,Cái,equipment,8.0,,
NHAHANG,Kho Nhà hàng & Bar,Hũ muối,Cái,equipment,8.0,,
NHAHANG,Kho Nhà hàng & Bar,Muỗng múc cơm nhựa,Cái,equipment,7.0,,
NHAHANG,Kho Nhà hàng & Bar,Quạt treo trụ gỗ,Cái,equipment,7.0,,
NHAHANG,Kho Nhà hàng & Bar,Bàn nâu chữ nhật,Cái,equipment,6.0,,
NHAHANG,Kho Nhà hàng & Bar,Bàn Terrace,Cái,equipment,5.0,,
NHAHANG,Kho Nhà hàng & Bar,Chén hoa văn,Cái,equipment,5.0,,
NHAHANG,Kho Nhà hàng & Bar,Gạt tàn,Cái,equipment,5.0,,
NHAHANG,Kho Nhà hàng & Bar,Xô đá inox,Cái,equipment,5.0,,
NHAHANG,Kho Nhà hàng & Bar,Gạc tàn sứ,Cá,equipment,4.0,,
NHAHANG,Kho Nhà hàng & Bar,Xúc đá inoX,Cái,equipment,4.0,,
NHAHANG,Kho Nhà hàng & Bar,Bình rót thủy tinh lớn,Cái,equipment,3.0,,
NHAHANG,Kho Nhà hàng & Bar,Bình trà Inox nhỏ,Cái,equipment,3.0,,
NHAHANG,Kho Nhà hàng & Bar,Bình trà sứ,Cái,equipment,3.0,,
NHAHANG,Kho Nhà hàng & Bar,Camera,Cái,equipment,3.0,,
NHAHANG,Kho Nhà hàng & Bar,Chén quai,Cái,equipment,3.0,,
NHAHANG,Kho Nhà hàng & Bar,Hũ thủy tinh nhỏ,Cái,equipment,3.0,,
NHAHANG,Kho Nhà hàng & Bar,Ly B52 (shot 60ml),Cái,equipment,3.0,,
NHAHANG,Kho Nhà hàng & Bar,Ly Flate champagne,Cái,equipment,3.0,,
NHAHANG,Kho Nhà hàng & Bar,Mâm tròn lớn,Cái,equipment,3.0,,
NHAHANG,Kho Nhà hàng & Bar,Tủ lạnh,Cái,equipment,3.0,,
NHAHANG,Kho Nhà hàng & Bar,Bình hâm cà phê,Cái,equipment,2.0,,
NHAHANG,Kho Nhà hàng & Bar,Bình inox cao,Cái,equipment,2.0,,
NHAHANG,Kho Nhà hàng & Bar,Bình lắc lớn,Cái,equipment,2.0,,
NHAHANG,Kho Nhà hàng & Bar,Bình sữa,Cái,equipment,2.0,,
NHAHANG,Kho Nhà hàng & Bar,Bình thủy tinh 4L,Cái,equipment,2.0,,
NHAHANG,Kho Nhà hàng & Bar,Bộ bàn ăn nhân viên,bộ,equipment,2.0,,
NHAHANG,Kho Nhà hàng & Bar,Dao cắt trái cây,Cái,equipment,2.0,,
NHAHANG,Kho Nhà hàng & Bar,Hũ thủy tinh sọc,Cái,equipment,2.0,,
NHAHANG,Kho Nhà hàng & Bar,Hũ đựng ngũ cốc thủy tinh,Cái,equipment,2.0,,
NHAHANG,Kho Nhà hàng & Bar,Kéo F&B,Cái,equipment,2.0,,
NHAHANG,Kho Nhà hàng & Bar,Ly cao có chân đế,Cái,equipment,2.0,,
NHAHANG,Kho Nhà hàng & Bar,Máy ép trái cây,Cái,equipment,2.0,,
NHAHANG,Kho Nhà hàng & Bar,Mâm tròn nhỏ,Cái,equipment,2.0,,
NHAHANG,Kho Nhà hàng & Bar,Phin caphe lớn,Cái,equipment,2.0,,
NHAHANG,Kho Nhà hàng & Bar,Ấm trà,Cái,equipment,2.0,,
NHAHANG,Kho Nhà hàng & Bar,Bàn mặt kính chữ nhật,Cái,equipment,1.0,,
NHAHANG,Kho Nhà hàng & Bar,Bình siêu tốc,Cái,equipment,1.0,,
NHAHANG,Kho Nhà hàng & Bar,Bình đong 20-30,Cái,equipment,1.0,,
NHAHANG,Kho Nhà hàng & Bar,Bình đong 25-50,Cái,equipment,1.0,,
NHAHANG,Kho Nhà hàng & Bar,Bếp ga mini+màng chắn gió,Cái,equipment,1.0,,
NHAHANG,Kho Nhà hàng & Bar,Bếp hâm cà phê,Cái,equipment,1.0,,
NHAHANG,Kho Nhà hàng & Bar,Chày Inox,Cái,equipment,1.0,,
NHAHANG,Kho Nhà hàng & Bar,Cây khuấy 2 đầu,Cái,equipment,1.0,,
NHAHANG,Kho Nhà hàng & Bar,Dao Thái Lan,Cái,equipment,1.0,,
NHAHANG,Kho Nhà hàng & Bar,Ghế trẻ em,Cái,equipment,1.0,,
NHAHANG,Kho Nhà hàng & Bar,Gối Kapan NH,Cái,equipment,1.0,,
NHAHANG,Kho Nhà hàng & Bar,Hũ đường,Cái,equipment,1.0,,
NHAHANG,Kho Nhà hàng & Bar,Kệ úp ly,Cái,equipment,1.0,,
NHAHANG,Kho Nhà hàng & Bar,Lò nướng bánh mì mini,Cái,equipment,1.0,,
NHAHANG,Kho Nhà hàng & Bar,Máy in bill,Cái,equipment,1.0,,
NHAHANG,Kho Nhà hàng & Bar,Máy nấu sữa đậu nành,Cái,equipment,1.0,,
NHAHANG,Kho Nhà hàng & Bar,Máy say sinh tố Philip,Cái,equipment,1.0,,
NHAHANG,Kho Nhà hàng & Bar,Máy tính bảng (Ipad),Cái,equipment,1.0,,
NHAHANG,Kho Nhà hàng & Bar,Máy tính xách tay,Cái,equipment,1.0,,
NHAHANG,Kho Nhà hàng & Bar,Máytính,Cái,equipment,1.0,,
NHAHANG,Kho Nhà hàng & Bar,Mở rượu vang,Cái,equipment,1.0,,
NHAHANG,Kho Nhà hàng & Bar,Rổ đựng khăn giấy,Cái,equipment,1.0,,
NHAHANG,Kho Nhà hàng & Bar,Thùng rác nhỏ đỏ,cái,equipment,1.0,,
NHAHANG,Kho Nhà hàng & Bar,Thớt gỗ F&B,Cái,equipment,1.0,,
NHAHANG,Kho Nhà hàng & Bar,Tủ mát Sanaky 340lit,Cái,equipment,1.0,,
NHAHANG,Kho Nhà hàng & Bar,Tủ mát Sanaky 900lit,Cái,equipment,1.0,,
NHAHANG,Kho Nhà hàng & Bar,Tủ đông Alaska 305lit,Cái,equipment,1.0,,
NHAHANG,Kho Nhà hàng & Bar,Vắt cam inox,Cái,equipment,1.0,,
NHAHANG,Kho Nhà hàng & Bar,Xô ướp rượu,Cái,equipment,1.0,,
NHAHANG,Kho Nhà hàng & Bar,Âm ly,Cái,equipment,1.0,,
NHAHANG,Kho Nhà hàng & Bar,Điện thoại di động+sim (màu đen),Cái,equipment,1.0,,
NHAHANG,Kho Nhà hàng & Bar,Đàn ghi ta,Cái,equipment,1.0,,
NHAHANG,Kho Nhà hàng & Bar,Đèn xông tinh dầu,Cái,equipment,1.0,,
NHAHANG,Kho Nhà hàng & Bar,Bàn mặt kính vuông,Cái,equipment,0.0,,
NHAHANG,Kho Nhà hàng & Bar,Bình rót trà thủy tinh,Cái,equipment,0.0,,
NHAHANG,Kho Nhà hàng & Bar,Bình rượu cần nhỏ,Cái,equipment,0.0,,
NHAHANG,Kho Nhà hàng & Bar,Bình thủy tinh,Cái,equipment,0.0,,
NHAHANG,Kho Nhà hàng & Bar,Bình đong 20-40,Cái,equipment,0.0,,
NHAHANG,Kho Nhà hàng & Bar,Bộ lót dụng cụ ăn,Cái,equipment,0.0,,
NHAHANG,Kho Nhà hàng & Bar,Ca đong nhựa,Cái,equipment,0.0,,
NHAHANG,Kho Nhà hàng & Bar,Chày giã lúa,Cái,equipment,0.0,,
NHAHANG,Kho Nhà hàng & Bar,Chén chấm trong 7 cm,Cái,equipment,0.0,,
NHAHANG,Kho Nhà hàng & Bar,Chén cơm 10cm,Cái,equipment,0.0,,
NHAHANG,Kho Nhà hàng & Bar,Chén súp 6cm,Cái,equipment,0.0,,
NHAHANG,Kho Nhà hàng & Bar,Chén đựng nước sốt,Cái,equipment,0.0,,
NHAHANG,Kho Nhà hàng & Bar,Dao răng cưa dài (ăn chính),Cái,equipment,0.0,,
NHAHANG,Kho Nhà hàng & Bar,Dao răng cưa ngắn (ăn tráng miệng),Cái,equipment,0.0,,
NHAHANG,Kho Nhà hàng & Bar,Ghế tựa vải dù,Cái,equipment,0.0,,
NHAHANG,Kho Nhà hàng & Bar,Gác đũa,Cái,equipment,0.0,,
NHAHANG,Kho Nhà hàng & Bar,Gắp 25 cm,Cái,equipment,0.0,,
NHAHANG,Kho Nhà hàng & Bar,Gắp 30cm,Cái,equipment,0.0,,
NHAHANG,Kho Nhà hàng & Bar,Khay chống trượt nhỏ,Cái,equipment,0.0,,
NHAHANG,Kho Nhà hàng & Bar,Khung dù,Cái,equipment,0.0,,
NHAHANG,Kho Nhà hàng & Bar,LY hightbal kiểu,Cái,equipment,0.0,,
NHAHANG,Kho Nhà hàng & Bar,Ly Brandy,Cái,equipment,0.0,,
NHAHANG,Kho Nhà hàng & Bar,Ly Poco,Cái,equipment,0.0,,
NHAHANG,Kho Nhà hàng & Bar,Ly Rock nhỏ,Cái,equipment,0.0,,
NHAHANG,Kho Nhà hàng & Bar,Ly bong bóng,Cái,equipment,0.0,,
NHAHANG,Kho Nhà hàng & Bar,Ly highbal,Cái,equipment,0.0,,
NHAHANG,Kho Nhà hàng & Bar,Ly rock lớn,Cái,equipment,0.0,,
NHAHANG,Kho Nhà hàng & Bar,Ly vang trắng,Cái,equipment,0.0,,
NHAHANG,Kho Nhà hàng & Bar,Ly vang đỏ,Cái,equipment,0.0,,
NHAHANG,Kho Nhà hàng & Bar,Lò inox,Cái,equipment,0.0,,
NHAHANG,Kho Nhà hàng & Bar,Muỗng Inox đại (xúc đá),Cái,equipment,0.0,,
NHAHANG,Kho Nhà hàng & Bar,Muỗng gỗ múc đồ omellet nhỏ,Cái,equipment,0.0,,
NHAHANG,Kho Nhà hàng & Bar,Muỗng khuấy nhựa,Cái,equipment,0.0,,
NHAHANG,Kho Nhà hàng & Bar,Muỗng sinh tố/ inox cạnh khía,Cái,equipment,0.0,,
NHAHANG,Kho Nhà hàng & Bar,Muỗng sành (sứ),Cái,equipment,0.0,,
NHAHANG,Kho Nhà hàng & Bar,Mặt kính tròn,Cái,equipment,0.0,,
NHAHANG,Kho Nhà hàng & Bar,Mở bia,Cái,equipment,0.0,,
NHAHANG,Kho Nhà hàng & Bar,Nhiệt kế điện,Cái,equipment,0.0,,
NHAHANG,Kho Nhà hàng & Bar,Nĩa 3 cạnh (tráng miệng),Cái,equipment,0.0,,
NHAHANG,Kho Nhà hàng & Bar,Nĩa 4 cạnh (Ăn chính),Cái,equipment,0.0,,
NHAHANG,Kho Nhà hàng & Bar,Quạt treo tường Senko,cái,equipment,0.0,,
NHAHANG,Kho Nhà hàng & Bar,Quạt đứng,cái,equipment,0.0,,
NHAHANG,Kho Nhà hàng & Bar,Thớt nhựa F&B,Cái,equipment,0.0,,
NHAHANG,Kho Nhà hàng & Bar,Xô đá lớn,Cái,equipment,0.0,,
NHAHANG,Kho Nhà hàng & Bar,bộ hoa sen,bộ,equipment,0.0,,
NHAHANG,Kho Nhà hàng & Bar,roang cao su non,bộ,equipment,0.0,,
NHAHANG,Kho Nhà hàng & Bar,Đánh cà phê inox,Cái,equipment,0.0,,
NHAHANG,Kho Nhà hàng & Bar,Đế lót ly bằng cói,Cái,equipment,0.0,,
NHAHANG,Kho Nhà hàng & Bar,Đế lót ly gỗ,Cái,equipment,0.0,,
NHAHANG,Kho Nhà hàng & Bar,Đế lót ly nhựa,Cái,equipment,0.0,,
TOUR,Kho Tour,Áo phao lớn,cái,equipment,56.0,,
TOUR,Kho Tour,Mái chèo,cây,equipment,25.0,,
TOUR,Kho Tour,Xe đạp lớn,chiếc,equipment,14.0,,
TOUR,Kho Tour,lều cắm trại,Cái,equipment,11.0,,
TOUR,Kho Tour,Lốp xe,Cái,equipment,10.0,,
TOUR,Kho Tour,Túi ngủ,cái,equipment,6.0,,
TOUR,Kho Tour,Chân chống,Cái,equipment,5.0,,
TOUR,Kho Tour,Kayak mới nhập T08,chiếc,equipment,5.0,,
TOUR,Kho Tour,Mũ bảo hiểm lớn,cái,equipment,5.0,,
TOUR,Kho Tour,Áo phao nhỏ,cái,equipment,5.0,,
TOUR,Kho Tour,Kayak cũ,chiếc,equipment,4.0,,
TOUR,Kho Tour,Bạt trải,tấm,equipment,3.0,,
TOUR,Kho Tour,Dụng cụ lọc nước,cái,equipment,2.0,,
TOUR,Kho Tour,Lều thay đồ,cái,equipment,2.0,,
TOUR,Kho Tour,Mũ bảo hiểm em bé,cái,equipment,2.0,,
TOUR,Kho Tour,Sup,cái,equipment,2.0,,
TOUR,Kho Tour,Xe đạp nhỏ,chiếc,equipment,2.0,,
TOUR,Kho Tour,Balo,cái,equipment,1.0,,
TOUR,Kho Tour,Bơm xe,cái,equipment,1.0,,
TOUR,Kho Tour,Bộ dao keo & thớt,bộ,equipment,1.0,,
TOUR,Kho Tour,Bộ dụng cụ sửa xe,Bộ,equipment,1.0,,
TOUR,Kho Tour,Ghế ngồi xe đạp,cái,equipment,1.0,,
TOUR,Kho Tour,Khò,cái,equipment,1.0,,
TOUR,Kho Tour,Cuộn dây đề,Cái,equipment,0.0,,
TOUR,Kho Tour,Cặp pedal,Cái,equipment,0.0,,
TOUR,Kho Tour,Dây phanh,Cái,equipment,0.0,,
TOUR,Kho Tour,Gom phanh,Cái,equipment,0.0,,
TOUR,Kho Tour,Líp,Cái,equipment,0.0,,
TOUR,Kho Tour,Ruột,Cái,equipment,0.0,,
TOUR,Kho Tour,Sên,Cái,equipment,0.0,,
TOUR,Kho Tour,Tay đề,Cái,equipment,0.0,,
TOUR,Kho Tour,Vỏ cùi đề,Cái,equipment,0.0,,
